worksheet_csv,column_id,origin_long_name,origin_unit,origin_comment,origin_designation_code,stored_value_count,qualification
data/worksheets/storage_modulus__sheet_01.csv,A,,,,3,56,
data/worksheets/storage_modulus__sheet_01.csv,B,90#,,,0,56,
data/worksheets/storage_modulus__sheet_01.csv,C,,,,4,56,
data/worksheets/storage_modulus__sheet_01.csv,D,,,,3,72,
data/worksheets/storage_modulus__sheet_01.csv,E,30%PUP,,,0,72,
data/worksheets/storage_modulus__sheet_01.csv,F,,,,4,72,
data/worksheets/storage_modulus__sheet_01.csv,G,,,,3,65,
data/worksheets/storage_modulus__sheet_01.csv,H,40%PUP,,,0,65,
data/worksheets/storage_modulus__sheet_01.csv,I,,,,4,65,
data/worksheets/storage_modulus__sheet_01.csv,J,,,,3,66,
data/worksheets/storage_modulus__sheet_01.csv,K,50%PUP,,,0,66,
data/worksheets/storage_modulus__sheet_01.csv,L,,,,4,66,
data/worksheets/storage_modulus__sheet_01.csv,M,,,,3,70,
data/worksheets/storage_modulus__sheet_01.csv,N,SBS,,,0,70,
data/worksheets/storage_modulus__sheet_01.csv,O,,,,4,70,
data/worksheets/storage_stability__sheet_01.csv,A,时间/h,,,3,4,
data/worksheets/storage_stability__sheet_01.csv,B,软化点/℃,,上软化点,0,4,
data/worksheets/storage_stability__sheet_01.csv,C,,,上下软化点差,0,4,
data/worksheets/storage_stability__sheet_01.csv,D,,,下软化点,0,4,
data/worksheets/storage_stability__sheet_01.csv,E,,,,0,0,
data/worksheets/storage_stability__sheet_01.csv,F,,,,0,0,
data/worksheets/storage_stability__sheet_01.csv,G,,,,0,0,
data/worksheets/mixture_low_temperature__sheet_01.csv,A,混合料类型,,,3,6,
data/worksheets/mixture_low_temperature__sheet_01.csv,B,最大弯拉应变/µε,,,0,6,
data/worksheets/mixture_low_temperature__sheet_01.csv,C,,,,2,6,No SD/SE/replicate inference from error designation alone
data/worksheets/mixture_low_temperature__sheet_01.csv,D,,,,0,0,
data/worksheets/mixture_low_temperature__sheet_01.csv,E,,,,0,0,
data/worksheets/mixture_low_temperature__sheet_01.csv,F,劲度模量/MPa,,,0,6,
data/worksheets/mixture_low_temperature__sheet_01.csv,G,,,,2,6,No SD/SE/replicate inference from error designation alone
data/worksheets/complex_modulus__sheet_01.csv,A,,,,3,57,
data/worksheets/complex_modulus__sheet_01.csv,B,90#,,,0,57,
data/worksheets/complex_modulus__sheet_01.csv,C,,,,4,57,
data/worksheets/complex_modulus__sheet_01.csv,D,,,,3,65,
data/worksheets/complex_modulus__sheet_01.csv,E,30%PUP,,,0,65,
data/worksheets/complex_modulus__sheet_01.csv,F,,,,4,65,
data/worksheets/complex_modulus__sheet_01.csv,G,,,,3,64,
data/worksheets/complex_modulus__sheet_01.csv,H,40%PUP,,,0,64,
data/worksheets/complex_modulus__sheet_01.csv,I,,,,4,64,
data/worksheets/complex_modulus__sheet_01.csv,J,,,,3,63,
data/worksheets/complex_modulus__sheet_01.csv,K,50%PUP,,,0,63,
data/worksheets/complex_modulus__sheet_01.csv,L,,,,4,63,
data/worksheets/complex_modulus__sheet_01.csv,M,,,,3,59,
data/worksheets/complex_modulus__sheet_01.csv,N,SBS,,,0,59,
data/worksheets/complex_modulus__sheet_01.csv,O,,,,4,59,
data/worksheets/mixture_high_temperature__sheet_01.csv,A,1,,,3,6,
data/worksheets/mixture_high_temperature__sheet_01.csv,B,,,,0,0,
data/worksheets/mixture_high_temperature__sheet_01.csv,C,2,,,0,6,
data/worksheets/mixture_high_temperature__sheet_01.csv,D,,,,2,6,No SD/SE/replicate inference from error designation alone
data/worksheets/mixture_high_temperature__sheet_01.csv,E,3,,,0,6,
data/worksheets/mixture_high_temperature__sheet_01.csv,F,,,,2,6,No SD/SE/replicate inference from error designation alone
data/worksheets/mixture_high_temperature__sheet_01.csv,G,,,,0,0,
data/worksheets/reaction_thermodynamics__sheet_01.csv,A,,,,3,3,
data/worksheets/reaction_thermodynamics__sheet_01.csv,B,,,,0,3,
data/worksheets/reaction_thermodynamics__sheet_01.csv,C,,,,3,3,
data/worksheets/reaction_thermodynamics__sheet_01.csv,D,,,,0,3,
data/worksheets/reaction_thermodynamics__sheet_01.csv,E,,,,3,3,
data/worksheets/reaction_thermodynamics__sheet_01.csv,F,,,,0,3,
data/worksheets/reaction_thermodynamics__sheet_01.csv,G,,,,0,0,
data/worksheets/reaction_thermodynamics__sheet_01.csv,H,,,,0,0,
data/worksheets/reaction_thermodynamics__sheet_01.csv,I,,,,0,0,
data/worksheets/ftir_modification_stages__sheet_01.csv,A,,,,3,7469,
data/worksheets/ftir_modification_stages__sheet_01.csv,B,,,,0,7469,
data/worksheets/ftir_modification_stages__sheet_01.csv,C,,,,3,7469,
data/worksheets/ftir_modification_stages__sheet_01.csv,D,,,,0,7469,
data/worksheets/ftir_modification_stages__sheet_01.csv,E,,,,3,7469,
data/worksheets/ftir_modification_stages__sheet_01.csv,F,,,,0,7469,
data/worksheets/ftir_modification_stages__sheet_01.csv,G,,,,3,7469,
data/worksheets/ftir_modification_stages__sheet_01.csv,H,,,,0,7469,
data/worksheets/ftir_modification_stages__sheet_02.csv,A,基线,,H的基线,3,2,
data/worksheets/ftir_modification_stages__sheet_02.csv,B,基线,,H的基线,0,2,
data/worksheets/ftir_modification_stages__sheet_03.csv,A,峰中心,,H的峰中心,3,13,
data/worksheets/ftir_modification_stages__sheet_03.csv,B,峰中心,,H的峰中心,0,13,
data/worksheets/ftir_pup_dosages__sheet_01.csv,A,,,,3,7469,
data/worksheets/ftir_pup_dosages__sheet_01.csv,B,,,,0,7469,
data/worksheets/ftir_pup_dosages__sheet_01.csv,C,,,,3,7469,
data/worksheets/ftir_pup_dosages__sheet_01.csv,D,,,,0,7469,
data/worksheets/ftir_pup_dosages__sheet_01.csv,E,,,,3,7469,
data/worksheets/ftir_pup_dosages__sheet_01.csv,F,,,,0,7469,
data/worksheets/ftir_pup_dosages__sheet_01.csv,G,,,,3,7469,
data/worksheets/ftir_pup_dosages__sheet_01.csv,H,,,,0,7469,
data/worksheets/pup_density__sheet_01.csv,A,,,,3,0,
data/worksheets/pup_density__sheet_01.csv,B,,,,0,0,
data/worksheets/pup_density__sheet_02.csv,A,,,,3,875,
data/worksheets/pup_density__sheet_02.csv,B,PickedData1,,,0,875,
data/worksheets/pup_density__sheet_02.csv,C,,,,4,875,
data/worksheets/reaction_chain_extender__sheet_01.csv,A,,,,3,0,
data/worksheets/reaction_chain_extender__sheet_01.csv,B,,,,0,0,
data/worksheets/reaction_chain_extender__sheet_02.csv,A,,,,3,14,
data/worksheets/reaction_chain_extender__sheet_02.csv,B,Energy vs. LST path1,,,0,14,
data/worksheets/reaction_chain_extender__sheet_02.csv,C,,,,4,14,
data/worksheets/reaction_chain_extender__sheet_02.csv,D,,,,3,1,
data/worksheets/reaction_chain_extender__sheet_02.csv,E,Energy vs. CG path1,,,0,1,
data/worksheets/reaction_chain_extender__sheet_02.csv,F,,,,4,1,
data/worksheets/reaction_chain_extender__sheet_02.csv,G,,,,3,9,
data/worksheets/reaction_chain_extender__sheet_02.csv,H,Energy vs. QST path2,,,0,9,
data/worksheets/reaction_chain_extender__sheet_02.csv,I,,,,4,9,
data/worksheets/reaction_chain_extender__sheet_02.csv,J,,,,3,15,
data/worksheets/reaction_chain_extender__sheet_02.csv,K,Energy vs. CG path2,,,0,15,
data/worksheets/reaction_chain_extender__sheet_02.csv,L,,,,4,15,
data/worksheets/reaction_chain_extender__sheet_02.csv,M,,,,3,1,
data/worksheets/reaction_chain_extender__sheet_02.csv,N,Transition state,,,0,1,
data/worksheets/reaction_chain_extender__sheet_02.csv,O,,,,4,1,
data/worksheets/asphalt_specific_volume__sheet_01.csv,A,,,,3,0,
data/worksheets/asphalt_specific_volume__sheet_01.csv,B,,,,0,0,
data/worksheets/asphalt_specific_volume__sheet_02.csv,A,,,,3,3,
data/worksheets/asphalt_specific_volume__sheet_02.csv,B,PickedData1,,,0,3,
data/worksheets/asphalt_specific_volume__sheet_02.csv,C,,,,4,3,
data/worksheets/asphalt_specific_volume__sheet_02.csv,D,,,,3,7,
data/worksheets/asphalt_specific_volume__sheet_02.csv,E,PickedData2,,,0,7,
data/worksheets/asphalt_specific_volume__sheet_02.csv,F,,,,4,7,
data/worksheets/asphalt_specific_volume__sheet_02.csv,G,,,,3,2,
data/worksheets/asphalt_specific_volume__sheet_02.csv,H,,,,0,2,
data/worksheets/asphalt_specific_volume__sheet_02.csv,I,,,,0,0,
data/worksheets/asphalt_specific_volume__sheet_02.csv,J,,,,3,2,
data/worksheets/asphalt_specific_volume__sheet_02.csv,K,,,,0,2,
data/worksheets/asphalt_specific_volume__sheet_02.csv,L,,,,0,0,
data/worksheets/reaction_asphaltene_phenol__sheet_01.csv,A,,,,3,0,
data/worksheets/reaction_asphaltene_phenol__sheet_01.csv,B,,,,0,0,
data/worksheets/reaction_asphaltene_phenol__sheet_02.csv,A,,,,3,9,
data/worksheets/reaction_asphaltene_phenol__sheet_02.csv,B,Energy vs. LST path1,,,0,9,
data/worksheets/reaction_asphaltene_phenol__sheet_02.csv,C,,,,4,9,
data/worksheets/reaction_asphaltene_phenol__sheet_02.csv,D,,,,3,7,
data/worksheets/reaction_asphaltene_phenol__sheet_02.csv,E,Energy vs. CG path1,,,0,7,
data/worksheets/reaction_asphaltene_phenol__sheet_02.csv,F,,,,4,7,
data/worksheets/reaction_asphaltene_phenol__sheet_02.csv,G,,,,3,8,
data/worksheets/reaction_asphaltene_phenol__sheet_02.csv,H,Energy vs. QST path2,,,0,8,
data/worksheets/reaction_asphaltene_phenol__sheet_02.csv,I,,,,4,8,
data/worksheets/reaction_asphaltene_phenol__sheet_02.csv,J,,,,3,3,
data/worksheets/reaction_asphaltene_phenol__sheet_02.csv,K,Energy vs. CG path2,,,0,3,
data/worksheets/reaction_asphaltene_phenol__sheet_02.csv,L,,,,4,3,
data/worksheets/reaction_asphaltene_phenol__sheet_02.csv,M,,,,3,1,
data/worksheets/reaction_asphaltene_phenol__sheet_02.csv,N,Transition state,,,0,1,
data/worksheets/reaction_asphaltene_phenol__sheet_02.csv,O,,,,4,1,
data/worksheets/reaction_asphaltene_pyrrole__sheet_01.csv,A,,,,3,0,
data/worksheets/reaction_asphaltene_pyrrole__sheet_01.csv,B,,,,0,0,
data/worksheets/reaction_asphaltene_pyrrole__sheet_02.csv,A,,,,3,10,
data/worksheets/reaction_asphaltene_pyrrole__sheet_02.csv,B,Energy vs. LST path1,,,0,10,
data/worksheets/reaction_asphaltene_pyrrole__sheet_02.csv,C,,,,4,10,
data/worksheets/reaction_asphaltene_pyrrole__sheet_02.csv,D,,,,3,4,
data/worksheets/reaction_asphaltene_pyrrole__sheet_02.csv,E,Energy vs. CG path1,,,0,4,
data/worksheets/reaction_asphaltene_pyrrole__sheet_02.csv,F,,,,4,4,
data/worksheets/reaction_asphaltene_pyrrole__sheet_02.csv,G,,,,3,9,
data/worksheets/reaction_asphaltene_pyrrole__sheet_02.csv,H,Energy vs. QST path2,,,0,9,
data/worksheets/reaction_asphaltene_pyrrole__sheet_02.csv,I,,,,4,9,
data/worksheets/reaction_asphaltene_pyrrole__sheet_02.csv,J,,,,3,5,
data/worksheets/reaction_asphaltene_pyrrole__sheet_02.csv,K,Energy vs. CG path2,,,0,5,
data/worksheets/reaction_asphaltene_pyrrole__sheet_02.csv,L,,,,4,5,
data/worksheets/reaction_asphaltene_pyrrole__sheet_02.csv,M,,,,3,1,
data/worksheets/reaction_asphaltene_pyrrole__sheet_02.csv,N,Transition state,,,0,1,
data/worksheets/reaction_asphaltene_pyrrole__sheet_02.csv,O,,,,4,1,
data/worksheets/rotational_viscosity__sheet_01.csv,A,温度,,,3,2,
data/worksheets/rotational_viscosity__sheet_01.csv,B,,,基质沥青,0,2,
data/worksheets/rotational_viscosity__sheet_01.csv,C,,,30%PUP,0,2,
data/worksheets/rotational_viscosity__sheet_01.csv,D,,,40%PUP,0,2,
data/worksheets/rotational_viscosity__sheet_01.csv,E,,,50%PUP,0,2,
data/worksheets/rotational_viscosity__sheet_01.csv,F,,,SBS,0,2,
data/worksheets/rotational_viscosity__sheet_02.csv,A,自变量,,,3,10,
data/worksheets/rotational_viscosity__sheet_02.csv,B,"线性拟合 B""Sheet1列F的线性拟合""",,,0,10,
data/worksheets/rotational_viscosity__sheet_02.csv,C,自变量,,,3,10,
data/worksheets/rotational_viscosity__sheet_02.csv,D,"常规残差 B""Sheet1列F的线性拟合""",,,0,10,
data/worksheets/rotational_viscosity__sheet_02.csv,E,"常规残差 B""Sheet1列F的线性拟合""",,,0,10,
data/worksheets/rotational_viscosity__sheet_02.csv,F,拟合Y值,,,3,10,
data/worksheets/rotational_viscosity__sheet_02.csv,G,"常规残差 B""Sheet1列F的线性拟合""",,,0,10,
data/worksheets/rotational_viscosity__sheet_02.csv,H,"常规残差 B""Sheet1列F的线性拟合""",,,3,10,
data/worksheets/rotational_viscosity__sheet_02.csv,I,百分位数,,,0,10,
data/worksheets/rotational_viscosity__sheet_02.csv,J,参照X,mu = 0.000000,,3,2,
data/worksheets/rotational_viscosity__sheet_02.csv,K,参照线,sigma = 0.000000,,0,2,
data/worksheets/rotational_viscosity__sheet_03.csv,A,自变量,,,3,10,
data/worksheets/rotational_viscosity__sheet_03.csv,B,Sheet1列F的线性拟合,,,0,10,
data/worksheets/rotational_viscosity__sheet_03.csv,C,自变量,,,3,2,
data/worksheets/rotational_viscosity__sheet_03.csv,D,Sheet1列F的常规残差,,,0,2,
data/worksheets/rotational_viscosity__sheet_03.csv,E,Sheet1列F的常规残差,,,0,2,
data/worksheets/rotational_viscosity__sheet_03.csv,F,拟合Y值,,,3,2,
data/worksheets/rotational_viscosity__sheet_03.csv,G,Sheet1列F的常规残差,,,0,2,
data/worksheets/rotational_viscosity__sheet_03.csv,H,Sheet1列F的常规残差,,,3,2,
data/worksheets/rotational_viscosity__sheet_03.csv,I,百分位数,,,0,2,
data/worksheets/rotational_viscosity__sheet_03.csv,J,参照X,mu = 0.000000,,3,2,
data/worksheets/rotational_viscosity__sheet_03.csv,K,参照线,sigma = 0.000000,,0,2,
data/worksheets/rotational_viscosity__sheet_04.csv,A,自变量,,,3,10,
data/worksheets/rotational_viscosity__sheet_04.csv,B,Sheet1列E的线性拟合,,,0,10,
data/worksheets/rotational_viscosity__sheet_04.csv,C,自变量,,,3,2,
data/worksheets/rotational_viscosity__sheet_04.csv,D,Sheet1列E的常规残差,,,0,2,
data/worksheets/rotational_viscosity__sheet_04.csv,E,Sheet1列E的常规残差,,,0,2,
data/worksheets/rotational_viscosity__sheet_04.csv,F,拟合Y值,,,3,2,
data/worksheets/rotational_viscosity__sheet_04.csv,G,Sheet1列E的常规残差,,,0,2,
data/worksheets/rotational_viscosity__sheet_04.csv,H,Sheet1列E的常规残差,,,3,2,
data/worksheets/rotational_viscosity__sheet_04.csv,I,百分位数,,,0,2,
data/worksheets/rotational_viscosity__sheet_04.csv,J,参照X,mu = 0.000000,,3,2,
data/worksheets/rotational_viscosity__sheet_04.csv,K,参照线,sigma = 0.000000,,0,2,
data/worksheets/rotational_viscosity__sheet_05.csv,A,自变量,,,3,10,
data/worksheets/rotational_viscosity__sheet_05.csv,B,Sheet1列D的线性拟合,,,0,10,
data/worksheets/rotational_viscosity__sheet_05.csv,C,自变量,,,3,2,
data/worksheets/rotational_viscosity__sheet_05.csv,D,Sheet1列D的常规残差,,,0,2,
data/worksheets/rotational_viscosity__sheet_05.csv,E,Sheet1列D的常规残差,,,0,2,
data/worksheets/rotational_viscosity__sheet_05.csv,F,拟合Y值,,,3,2,
data/worksheets/rotational_viscosity__sheet_05.csv,G,Sheet1列D的常规残差,,,0,2,
data/worksheets/rotational_viscosity__sheet_05.csv,H,Sheet1列D的常规残差,,,3,2,
data/worksheets/rotational_viscosity__sheet_05.csv,I,百分位数,,,0,2,
data/worksheets/rotational_viscosity__sheet_05.csv,J,参照X,mu = 0.000000,,3,2,
data/worksheets/rotational_viscosity__sheet_05.csv,K,参照线,sigma = 0.000000,,0,2,
data/worksheets/rotational_viscosity__sheet_06.csv,A,自变量,,,3,10,
data/worksheets/rotational_viscosity__sheet_06.csv,B,Sheet1列B的线性拟合,,,0,10,
data/worksheets/rotational_viscosity__sheet_06.csv,C,自变量,,,3,2,
data/worksheets/rotational_viscosity__sheet_06.csv,D,Sheet1列B的常规残差,,,0,2,
data/worksheets/rotational_viscosity__sheet_06.csv,E,Sheet1列B的常规残差,,,0,2,
data/worksheets/rotational_viscosity__sheet_06.csv,F,拟合Y值,,,3,2,
data/worksheets/rotational_viscosity__sheet_06.csv,G,Sheet1列B的常规残差,,,0,2,
data/worksheets/rotational_viscosity__sheet_06.csv,H,Sheet1列B的常规残差,,,3,2,
data/worksheets/rotational_viscosity__sheet_06.csv,I,百分位数,,,0,2,
data/worksheets/rotational_viscosity__sheet_06.csv,J,参照X,mu = 0.000000,,3,2,
data/worksheets/rotational_viscosity__sheet_06.csv,K,参照线,sigma = 0.000000,,0,2,
data/worksheets/rotational_viscosity__sheet_07.csv,A,自变量,,,3,10,
data/worksheets/rotational_viscosity__sheet_07.csv,B,Sheet1列C的线性拟合,,,0,10,
data/worksheets/rotational_viscosity__sheet_07.csv,C,自变量,,,3,2,
data/worksheets/rotational_viscosity__sheet_07.csv,D,Sheet1列C的常规残差,,,0,2,
data/worksheets/rotational_viscosity__sheet_07.csv,E,Sheet1列C的常规残差,,,0,2,
data/worksheets/rotational_viscosity__sheet_07.csv,F,拟合Y值,,,3,2,
data/worksheets/rotational_viscosity__sheet_07.csv,G,Sheet1列C的常规残差,,,0,2,
data/worksheets/rotational_viscosity__sheet_07.csv,H,Sheet1列C的常规残差,,,3,2,
data/worksheets/rotational_viscosity__sheet_07.csv,I,百分位数,,,0,2,
data/worksheets/rotational_viscosity__sheet_07.csv,J,参照X,mu = -0.000000,,3,2,
data/worksheets/rotational_viscosity__sheet_07.csv,K,参照线,sigma = 0.000000,,0,2,
data/worksheets/rotational_viscosity__sheet_08.csv,A,温度（℃）,,,3,19,
data/worksheets/rotational_viscosity__sheet_08.csv,B,,,基质沥青,0,19,
data/worksheets/rotational_viscosity__sheet_08.csv,C,黏度（Pa·s）,,30%PUP,0,19,
data/worksheets/rotational_viscosity__sheet_08.csv,D,,,40%PUP,0,19,
data/worksheets/rotational_viscosity__sheet_08.csv,E,,,50%PUP,0,19,
data/worksheets/rotational_viscosity__sheet_08.csv,F,,,SBS,0,19,
data/worksheets/binder_physical_and_aging__sheet_01.csv,A,沥青类型,,,3,5,
data/worksheets/binder_physical_and_aging__sheet_01.csv,B,延度（5℃）/cm,,老化前延度,0,5,
data/worksheets/binder_physical_and_aging__sheet_01.csv,C,软化点/℃,,,0,5,
data/worksheets/binder_physical_and_aging__sheet_01.csv,D,针入度（25℃）/0.1mm,,老化前针入度,0,5,
data/worksheets/binder_physical_and_aging__sheet_01.csv,E,,,,0,0,
data/worksheets/binder_physical_and_aging__sheet_01.csv,F,,,老化后针入度,0,5,
data/worksheets/binder_physical_and_aging__sheet_01.csv,G,,,针入度比,0,5,
data/worksheets/binder_physical_and_aging__sheet_01.csv,H,,,老化后延度,0,5,
data/worksheets/binder_physical_and_aging__sheet_01.csv,I,,,残留延度比,0,5,
data/worksheets/mixture_moisture_resistance__sheet_01.csv,A,混合料类型,,,3,6,
data/worksheets/mixture_moisture_resistance__sheet_01.csv,B,,,,0,0,
data/worksheets/mixture_moisture_resistance__sheet_01.csv,C,残留稳定度比,,,0,6,
data/worksheets/mixture_moisture_resistance__sheet_01.csv,D,,,,2,6,No SD/SE/replicate inference from error designation alone
data/worksheets/mixture_moisture_resistance__sheet_01.csv,E,TSR,,,0,6,
data/worksheets/mixture_moisture_resistance__sheet_01.csv,F,,,,2,6,No SD/SE/replicate inference from error designation alone
data/worksheets/mixture_moisture_resistance__sheet_01.csv,G,,,,0,0,
data/worksheets/mixture_moisture_resistance__sheet_01.csv,H,,,,0,0,
data/worksheets/loss_modulus__sheet_01.csv,A,,,,3,0,
data/worksheets/loss_modulus__sheet_01.csv,B,,,,0,0,
data/worksheets/loss_modulus__sheet_02.csv,A,,,,3,54,
data/worksheets/loss_modulus__sheet_02.csv,B,90#,,,0,54,
data/worksheets/loss_modulus__sheet_02.csv,C,,,,4,54,
data/worksheets/loss_modulus__sheet_02.csv,D,,,,3,65,
data/worksheets/loss_modulus__sheet_02.csv,E,30%PUP,,,0,65,
data/worksheets/loss_modulus__sheet_02.csv,F,,,,4,65,
data/worksheets/loss_modulus__sheet_02.csv,G,,,,3,51,
data/worksheets/loss_modulus__sheet_02.csv,H,40%PUP1,,,0,51,
data/worksheets/loss_modulus__sheet_02.csv,I,,,,4,51,
data/worksheets/loss_modulus__sheet_02.csv,J,,,,3,61,
data/worksheets/loss_modulus__sheet_02.csv,K,50%PUP2,,,0,61,
data/worksheets/loss_modulus__sheet_02.csv,L,,,,4,61,
data/worksheets/loss_modulus__sheet_02.csv,M,,,,3,51,
data/worksheets/loss_modulus__sheet_02.csv,N,SBS,,,0,51,
data/worksheets/loss_modulus__sheet_02.csv,O,,,,4,51,
data/worksheets/phase_angle__sheet_01.csv,A,,,,3,0,
data/worksheets/phase_angle__sheet_01.csv,B,,,,0,0,
data/worksheets/phase_angle__sheet_02.csv,A,,,,3,56,
data/worksheets/phase_angle__sheet_02.csv,B,90#,,,0,56,
data/worksheets/phase_angle__sheet_02.csv,C,,,,4,56,
data/worksheets/phase_angle__sheet_02.csv,D,,,,3,92,
data/worksheets/phase_angle__sheet_02.csv,E,30%PUP,,,0,92,
data/worksheets/phase_angle__sheet_02.csv,F,,,,4,92,
data/worksheets/phase_angle__sheet_02.csv,G,,,,3,52,
data/worksheets/phase_angle__sheet_02.csv,H,40%PUP,,,0,52,
data/worksheets/phase_angle__sheet_02.csv,I,,,,4,52,
data/worksheets/phase_angle__sheet_02.csv,J,,,,3,73,
data/worksheets/phase_angle__sheet_02.csv,K,50%PUP1,,,0,73,
data/worksheets/phase_angle__sheet_02.csv,L,,,,4,73,
data/worksheets/phase_angle__sheet_02.csv,M,,,,3,47,
data/worksheets/phase_angle__sheet_02.csv,N,SBS,,,0,47,
data/worksheets/phase_angle__sheet_02.csv,O,,,,4,47,
data/worksheets/optimum_binder_content__sheet_01.csv,A,油石比,,,3,5,
data/worksheets/optimum_binder_content__sheet_01.csv,B,,,毛体积密度/（g/cm3）,0,5,
data/worksheets/optimum_binder_content__sheet_01.csv,C,,,空隙率/%,0,5,
data/worksheets/optimum_binder_content__sheet_01.csv,D,,,矿料间隙率/%,0,5,
data/worksheets/optimum_binder_content__sheet_01.csv,E,,,沥青饱和度/%,0,5,
data/worksheets/optimum_binder_content__sheet_01.csv,F,,,稳定度/KN,0,5,
data/worksheets/optimum_binder_content__sheet_01.csv,G,,,流值/mm,0,5,
data/worksheets/optimum_binder_content__sheet_01.csv,H,,,,0,5,
data/worksheets/bbr__sheet_01.csv,A,沥青类型,,,3,5,
data/worksheets/bbr__sheet_01.csv,B,S,MPa,S,0,5,
data/worksheets/bbr__sheet_01.csv,C,,,,0,0,
data/worksheets/bbr__sheet_01.csv,D,,,,0,0,
data/worksheets/bbr__sheet_01.csv,E,m,,m,0,5,
data/worksheets/bbr__sheet_01.csv,F,,MPa,S/m,0,5,
data/worksheets/mscr__sheet_01.csv,A,沥青类型,,,3,5,
data/worksheets/mscr__sheet_01.csv,B,,,0.1kPa,0,5,
data/worksheets/mscr__sheet_01.csv,C,,,,2,5,No SD/SE/replicate inference from error designation alone
data/worksheets/mscr__sheet_01.csv,D,,,3.2kPa,0,5,
data/worksheets/mscr__sheet_01.csv,E,,,,2,5,No SD/SE/replicate inference from error designation alone
data/worksheets/mscr__sheet_01.csv,F,,,0.1kPa,0,5,
data/worksheets/mscr__sheet_01.csv,G,,,,2,5,No SD/SE/replicate inference from error designation alone
data/worksheets/mscr__sheet_01.csv,H,,,3.2kPa,0,5,
data/worksheets/mscr__sheet_01.csv,I,,,,2,5,No SD/SE/replicate inference from error designation alone
data/worksheets/mscr__sheet_01.csv,J,,,,0,0,
data/worksheets/mscr__sheet_01.csv,K,,,,0,0,
