project_id,original_filename,origin_file,worksheet_csv,origin_range,exported_rows,columns,data_role,manuscript_location,origin_sha256
storage_modulus,储存模量.opju,data/origin/storage_modulus.opju,data/worksheets/storage_modulus__sheet_01.csv,"[DigiData]""储存模量.png""",72,15,image_digitizer_coordinate_data,Fig. 14(a),a3ff948510ad506a1c64908d979e6a0fec7a3b0d9cb77141d54f121e15549fac
storage_stability,储存稳定性.opju,data/origin/storage_stability.opju,data/worksheets/storage_stability__sheet_01.csv,[Book1]Sheet1,4,7,worksheet_values_provenance_unconfirmed,Table 9; Section 4.5,f98fd83efae0ea1633eeaa84c7bdad075ddace041667a74c5446287be935f69a
mixture_low_temperature,低温性能.opju,data/origin/mixture_low_temperature.opju,data/worksheets/mixture_low_temperature__sheet_01.csv,[Book1]Sheet1,6,7,worksheet_values_provenance_unconfirmed,Table 12: strain and stiffness only,091c6ca8c41c45cae6b090155ac11aedeb99167151719603f9cc76f762634768
complex_modulus,复数模量.opju,data/origin/complex_modulus.opju,data/worksheets/complex_modulus__sheet_01.csv,"[DigiData]""复数模量.png""",65,15,image_digitizer_coordinate_data,Fig. 13(a),f614b635d3cf58a2725d014a03d7dd1125a38459f00e7fd920261d7be9ebe1d3
mixture_high_temperature,高温性能.opju,data/origin/mixture_high_temperature.opju,data/worksheets/mixture_high_temperature__sheet_01.csv,[Book1]Sheet1,6,7,worksheet_values_provenance_unconfirmed,Table 11,997ee6d6d969725e7fe95d71c15cb137574fd3640f4e64944b83364d61edd7ff
reaction_thermodynamics,各反应的热力学参数指标.opju,data/origin/reaction_thermodynamics.opju,data/worksheets/reaction_thermodynamics__sheet_01.csv,[Book1]Sheet1,3,9,worksheet_values_provenance_unconfirmed,Fig. 9; Table 6,36a6ed960e7ee134d4e839ae34fbfa86e67e346e472add02b80e6489b478efd2
ftir_modification_stages,红外光谱 - 副本.opju,data/origin/ftir_modification_stages.opju,data/worksheets/ftir_modification_stages__sheet_01.csv,[Book1]Sheet1,7469,8,worksheet_values_provenance_unconfirmed,Fig. 11,eb97a5efb0b527c839dbb56757e3642351c08c99b445b2f874f2c4d2ade178b0
ftir_modification_stages,红外光谱 - 副本.opju,data/origin/ftir_modification_stages.opju,data/worksheets/ftir_modification_stages__sheet_02.csv,[Book1]Baseline_Data1,2,2,peak_or_baseline_output,Fig. 11,eb97a5efb0b527c839dbb56757e3642351c08c99b445b2f874f2c4d2ade178b0
ftir_modification_stages,红外光谱 - 副本.opju,data/origin/ftir_modification_stages.opju,data/worksheets/ftir_modification_stages__sheet_03.csv,[Book1]Peak_Centers1,13,2,peak_or_baseline_output,Fig. 11,eb97a5efb0b527c839dbb56757e3642351c08c99b445b2f874f2c4d2ade178b0
ftir_pup_dosages,红外光谱2.opju,data/origin/ftir_pup_dosages.opju,data/worksheets/ftir_pup_dosages__sheet_01.csv,[Book1]Sheet1,7469,8,worksheet_values_provenance_unconfirmed,"Fig. 12(a,b)",8f2d74fa837995cbac53ad4a95fc28266232d627b80a2c869aa5dd97b7d56452
pup_density,聚氨酯预聚体模型密度图.opju,data/origin/pup_density.opju,data/worksheets/pup_density__sheet_01.csv,[Book1]Sheet1,0,2,worksheet_values_provenance_unconfirmed,Fig. 6(b),389270ea1d252891cab81b9a359112140d449974471d767416f30dbce19335a7
pup_density,聚氨酯预聚体模型密度图.opju,data/origin/pup_density.opju,data/worksheets/pup_density__sheet_02.csv,"[DigiData]""ed1599d7c3b9a5dd3ee75c1b76280fea.png""",875,3,image_digitizer_coordinate_data,Fig. 6(b),389270ea1d252891cab81b9a359112140d449974471d767416f30dbce19335a7
reaction_chain_extender,扩链剂与聚氨酯预聚体能量计算结果.opju,data/origin/reaction_chain_extender.opju,data/worksheets/reaction_chain_extender__sheet_01.csv,[Book1]Sheet1,0,2,worksheet_values_provenance_unconfirmed,Fig. 8(b); Table 6,d0a87257adb547112fe7845888cab02f26ca2769bd88e1080c0540d50dbe2f9f
reaction_chain_extender,扩链剂与聚氨酯预聚体能量计算结果.opju,data/origin/reaction_chain_extender.opju,data/worksheets/reaction_chain_extender__sheet_02.csv,"[DigiData]""0656cdea835ccb3ccc8dadb8f6566ef2.png""",15,15,image_digitizer_coordinate_data,Fig. 8(b); Table 6,d0a87257adb547112fe7845888cab02f26ca2769bd88e1080c0540d50dbe2f9f
asphalt_specific_volume,沥青比容-温度曲线.opju,data/origin/asphalt_specific_volume.opju,data/worksheets/asphalt_specific_volume__sheet_01.csv,[Book1]Sheet1,0,2,worksheet_values_provenance_unconfirmed,Fig. 5,6a1c28c345537e1a24958919f7a78d73c7f4c199940734648bc35b944306bc83
asphalt_specific_volume,沥青比容-温度曲线.opju,data/origin/asphalt_specific_volume.opju,data/worksheets/asphalt_specific_volume__sheet_02.csv,"[DigiData]""d370fcc3283b379743d9dcd326551e42.png""",7,12,image_digitizer_coordinate_data,Fig. 5,6a1c28c345537e1a24958919f7a78d73c7f4c199940734648bc35b944306bc83
reaction_asphaltene_phenol,沥青质-苯酚与聚氨酯预聚体能量计算结果.opju,data/origin/reaction_asphaltene_phenol.opju,data/worksheets/reaction_asphaltene_phenol__sheet_01.csv,[Book1]Sheet1,0,2,worksheet_values_provenance_unconfirmed,Fig. 8(a); Table 6,def498710e1f590113d3a50b9f54fb24737ee0251a385909ba88119a94d99b72
reaction_asphaltene_phenol,沥青质-苯酚与聚氨酯预聚体能量计算结果.opju,data/origin/reaction_asphaltene_phenol.opju,data/worksheets/reaction_asphaltene_phenol__sheet_02.csv,"[DigiData]""96d6fc123e4a9635ffe14ed06494c6ea.png""",9,15,image_digitizer_coordinate_data,Fig. 8(a); Table 6,def498710e1f590113d3a50b9f54fb24737ee0251a385909ba88119a94d99b72
reaction_asphaltene_pyrrole,沥青质-吡咯与聚氨酯预聚体能量计算结果.opju,data/origin/reaction_asphaltene_pyrrole.opju,data/worksheets/reaction_asphaltene_pyrrole__sheet_01.csv,[Book1]Sheet1,0,2,worksheet_values_provenance_unconfirmed,Fig. 8(c); Table 6,312df7b0df73ec953fc89cf0fa71e745430f447285da2ed01866cc8635eb2b9e
reaction_asphaltene_pyrrole,沥青质-吡咯与聚氨酯预聚体能量计算结果.opju,data/origin/reaction_asphaltene_pyrrole.opju,data/worksheets/reaction_asphaltene_pyrrole__sheet_02.csv,"[DigiData]""6455bd413f8ddb8c86b6188166be60da.png""",10,15,image_digitizer_coordinate_data,Fig. 8(c); Table 6,312df7b0df73ec953fc89cf0fa71e745430f447285da2ed01866cc8635eb2b9e
rotational_viscosity,黏度曲线.opju,data/origin/rotational_viscosity.opju,data/worksheets/rotational_viscosity__sheet_01.csv,[Book1]Sheet1,2,6,worksheet_values_provenance_unconfirmed,Section 4.5; no viscosity figure in manuscript,0cab48859df9e3e3b007c3b21baae6e547357f037e3277856dedecd45e819cfc
rotational_viscosity,黏度曲线.opju,data/origin/rotational_viscosity.opju,data/worksheets/rotational_viscosity__sheet_02.csv,[Book1]FitLinearCurve3,10,11,fit_output,Section 4.5; no viscosity figure in manuscript,0cab48859df9e3e3b007c3b21baae6e547357f037e3277856dedecd45e819cfc
rotational_viscosity,黏度曲线.opju,data/origin/rotational_viscosity.opju,data/worksheets/rotational_viscosity__sheet_03.csv,[Book1]FitLinearCurve1,10,11,fit_output,Section 4.5; no viscosity figure in manuscript,0cab48859df9e3e3b007c3b21baae6e547357f037e3277856dedecd45e819cfc
rotational_viscosity,黏度曲线.opju,data/origin/rotational_viscosity.opju,data/worksheets/rotational_viscosity__sheet_04.csv,[Book1]FitLinearCurve2,10,11,fit_output,Section 4.5; no viscosity figure in manuscript,0cab48859df9e3e3b007c3b21baae6e547357f037e3277856dedecd45e819cfc
rotational_viscosity,黏度曲线.opju,data/origin/rotational_viscosity.opju,data/worksheets/rotational_viscosity__sheet_05.csv,[Book1]FitLinearCurve4,10,11,fit_output,Section 4.5; no viscosity figure in manuscript,0cab48859df9e3e3b007c3b21baae6e547357f037e3277856dedecd45e819cfc
rotational_viscosity,黏度曲线.opju,data/origin/rotational_viscosity.opju,data/worksheets/rotational_viscosity__sheet_06.csv,[Book1]FitLinearCurve5,10,11,fit_output,Section 4.5; no viscosity figure in manuscript,0cab48859df9e3e3b007c3b21baae6e547357f037e3277856dedecd45e819cfc
rotational_viscosity,黏度曲线.opju,data/origin/rotational_viscosity.opju,data/worksheets/rotational_viscosity__sheet_07.csv,[Book1]FitLinearCurve6,10,11,fit_output,Section 4.5; no viscosity figure in manuscript,0cab48859df9e3e3b007c3b21baae6e547357f037e3277856dedecd45e819cfc
rotational_viscosity,黏度曲线.opju,data/origin/rotational_viscosity.opju,data/worksheets/rotational_viscosity__sheet_08.csv,[Book2]Sheet1,19,6,worksheet_values_provenance_unconfirmed,Section 4.5; no viscosity figure in manuscript,0cab48859df9e3e3b007c3b21baae6e547357f037e3277856dedecd45e819cfc
binder_physical_and_aging,三大指标.opju,data/origin/binder_physical_and_aging.opju,data/worksheets/binder_physical_and_aging__sheet_01.csv,[Book1]Sheet1,5,9,worksheet_values_provenance_unconfirmed,Tables 8 and 10; mass changes absent,9522908b52323b24f092250ca974959460837c4fee7945ca5b9d53512d13f0fc
mixture_moisture_resistance,水稳定度.opju,data/origin/mixture_moisture_resistance.opju,data/worksheets/mixture_moisture_resistance__sheet_01.csv,[Book1]Sheet1,6,8,worksheet_values_provenance_unconfirmed,Table 13,600323977029889a5cbc96110fcb2e517a338e32ed81426e0153f6349bcea992
loss_modulus,损耗模量.opju,data/origin/loss_modulus.opju,data/worksheets/loss_modulus__sheet_01.csv,[Book1]Sheet1,0,2,worksheet_values_provenance_unconfirmed,Fig. 14(b),601ac213ea7cc85d7f674952b8985dd3ab5378f8d1b791d14b5f2a825206ab0e
loss_modulus,损耗模量.opju,data/origin/loss_modulus.opju,data/worksheets/loss_modulus__sheet_02.csv,"[DigiData]""损耗模量.png""",65,15,image_digitizer_coordinate_data,Fig. 14(b),601ac213ea7cc85d7f674952b8985dd3ab5378f8d1b791d14b5f2a825206ab0e
phase_angle,相位角.opju,data/origin/phase_angle.opju,data/worksheets/phase_angle__sheet_01.csv,[Book1]Sheet1,0,2,worksheet_values_provenance_unconfirmed,Fig. 13(b),d8a05e4b0a4e63744357dda7aacf1e583e0bcc45e7b255c7a8e76f866c0cd042
phase_angle,相位角.opju,data/origin/phase_angle.opju,data/worksheets/phase_angle__sheet_02.csv,"[DigiData]""相位角.png""",92,15,image_digitizer_coordinate_data,Fig. 13(b),d8a05e4b0a4e63744357dda7aacf1e583e0bcc45e7b255c7a8e76f866c0cd042
optimum_binder_content,最佳油石比.opju,data/origin/optimum_binder_content.opju,data/worksheets/optimum_binder_content__sheet_01.csv,[Book1]Sheet1,5,8,worksheet_values_provenance_unconfirmed,Mixture-design context; not tabulated in the manuscript,fadbd97af27b15f65913926f37d7b6a6a463088151ce887d04d26df6fe1653cc
bbr,BBR.opju,data/origin/bbr.opju,data/worksheets/bbr__sheet_01.csv,[Book1]Sheet1,5,6,worksheet_values_provenance_unconfirmed,Fig. 16; Section 4.3,bd49778d83ae31d65d5020fdfa009028e73bd9a2e485a63f486b77eeea5317d5
mscr,MSCR.opju,data/origin/mscr.opju,data/worksheets/mscr__sheet_01.csv,[Book1]Sheet1,5,11,worksheet_values_provenance_unconfirmed,Fig. 15; Section 4.2,97ca9bc53af70b0154af3e42c5bd6b6c9d331863d78aadf7d4eb1070e7008f2d
