A,B,C,D,E,F,G,H,I,J,K,L,M,N,O
0.00010537686970400987,6.663468826560131,,9.255567563268384e-05,620.1277022509056,,0.00011187921313419157,1452.545567446369,,9.255567563268384e-05,2775.7743611445812,,0.00011819157062240319,2155.56446464539,
0.00019563854690494309,12.733704428680257,,0.00012737718334871818,854.6120718729823,,0.0001779431419022867,1715.7433489542302,,0.00014794555311479175,3663.7156336950547,,0.0001626578733128123,2530.49195420819,
0.0003632148225942336,23.30552370567995,,0.0001626578733128123,1127.993561830614,,0.00028443308713119387,2064.480202311576,,0.00019958250308621693,4835.700059945338,,0.00021833764910712664,3258.5778819327797,
0.0004803038591605231,32.11787157371255,,0.00018892323101429203,1299.9143150005418,,0.0003973468077601422,2658.482874744261,,0.00024488931723308223,5436.920813742673,,0.0003127182945246107,4222.113103732998,
0.0007525699967064916,49.765491793392975,,0.00024982613950920874,1564.1310045909597,,0.0006709739964404456,3849.024397771222,,0.0003490016581061016,7355.37905191936,,0.0004218653326717293,5304.427948193835,
0.001196957557743322,79.0358805808798,,0.00029016708817493976,1917.1997474295158,,0.0009562321458102328,4631.365566566982,,0.0004615088174114712,8424.314093063756,,0.0006133375085010734,6705.418052553273,
0.0016472796643868472,109.59501496717499,,0.0003421050252576411,2306.8840248499046,,0.0014760230368175474,6382.590082781964,,0.0005691076026772802,9889.594758989244,,0.0009562321458102328,9708.288109253283,
0.002178310825176699,137.68907797865728,,0.0004456674735440755,2845.1070588109283,,0.00206197193081607,8424.314093063756,,0.0008872749123642773,13713.395456150862,,0.0015907365981986785,14055.92571165344,
0.002997839899847798,209.43303912314093,,0.0005280672695472601,3339.9699425673953,,0.0030582745605551216,10848.200298942196,,0.001179173535962624,16500.739136158652,,0.002103540052593761,17659.082869359776,
0.0041879168362402115,256.70801776305535,,0.0006225877225513723,4018.8422277428044,,0.0038859115541607504,13713.395456150862,,0.0014182639452124215,18898.741760213812,,0.0033456664163956447,22185.889011093306,
0.0053478780758470104,324.5089938736331,,0.0035521127845913963,15706.321834611956,,0.006211432527563549,18100.16766025086,,0.002021225238012833,24336.383205558057,,0.005565671513181856,32923.65832829214,
0.007775121492051724,502.8150646420239,,0.01908836943002265,64487.70683069239,,0.008051489817042777,23308.03933159466,,0.002394931099839147,26205.91901866482,,0.010078401599265308,47667.77524631248,
0.010488846582493045,680.2371268879123,,0.023893746047308106,77595.28493908148,,0.011705822502247309,28746.07761596391,,0.0033456664163956447,32121.338414924812,,0.018711163555560524,69014.71198236775,
0.014149734218756824,833.7859450607461,,0.030359924198749496,95110.74216307908,,0.015249423291584414,36114.97223327604,,0.004513393365447326,42396.619614803065,,0.018711163555560524,69014.71198236775,
0.020571879364256362,1237.330789872158,,0.03955051728473293,104329.89487544773,,0.021303111133127033,43455.593301920926,,0.005649611680083442,48858.41073017704,,0.030971962125839813,91091.79866496811,
0.023893746047308106,1299.9143150005418,,0.05335470429393039,144668.931456994,,0.031596338371752825,55958.85612061322,,0.00821380303974228,58789.224932935314,,0.04262430446760772,117301.19112274304,
0.033379041141406544,1917.1997474295158,,0.06678641460193495,178421.88581877557,,0.041782004233478984,67332.88558304649,,0.011531901045304896,77595.28493908148,,0.06546664614216849,141143.47983809668,
0.03597319352880682,2103.035299226202,,0.08486030113513458,214687.38384238663,,0.055251208454177914,79044.41180772096,,0.01976686952697659,102417.2074329237,,0.12337587765092563,186293.80720403016,
0.056365039795460474,3258.5778819327797,,0.10464511341812602,263148.4171535659,,0.07453535607972715,99921.39229064687,,0.028738465969128588,151051.6823739689,,0.29249795812560814,263148.4171535659,
0.07197692130797063,4518.503357176761,,0.1491339781917334,288655.58268064423,,0.12154279737070783,135179.40409128502,,0.05126685120762489,209455.64557418055,,0.29249795812560814,263148.4171535659,
0.09856321092102112,5304.427948193835,,0.20524150414114767,276458.32240463153,,0.176707472129758,169831.88073479562,,0.08831625439647812,245887.2534698888,,0.5403373202460411,332650.41284671647,
0.11447881302697277,6830.644752513777,,0.22452843721491247,390509.867405486,,0.3028948594258791,235497.18652133443,,0.1356448872865436,324544.02175993397,,0.7586152818631604,428362.26999871945,
0.14329813221036886,7679.896223059817,,0.29249795812560814,295865.5600202461,,0.42525411543595704,288655.58268064423,,0.18667751664180962,347326.85170781874,,1.3533017670771768,538170.5181995175,
0.1972100828535626,9015.696779360198,,0.43166769937470284,565390.8932397089,,0.42525411543595704,288655.58268064423,,0.2714049107214732,410261.6462343125,,2.0374614459179017,680310.5524914813,
0.22119246377793947,11396.896429001918,,0.5403373202460411,439061.81106128794,,0.6899989234504416,410261.6462343125,,0.394587558742107,447261.4879862712,,3.5098891221534436,897934.8040029452,
0.351805137586595,18438.19643743679,,0.8299037974646043,538170.5181995175,,0.9124328775538108,447261.4879862712,,0.5623426690269304,565390.8932397089,,8.746938487951146,1357412.65906561,
0.4939224880665979,21248.415153113536,,1.2308963248057392,680310.5524914813,,1.3533017670771768,605081.0545463645,,0.7586152818631604,635685.7284879416,,5.002084767275594,1028428.9593532973,
0.5512301976869718,28746.07761596391,,1.754200073599114,779178.0320986266,,1.8624440493010928,839034.9641451972,,1.0388268444305955,697303.2038090285,,13.234813694856294,1564299.838749713,
0.8944022624859594,42396.619614803065,,2.462837441381629,897934.8040029452,,2.8605268064336573,984972.2710186074,,1.4878797148600227,764893.3053741804,,20.327343184617394,1836385.8844632227,
1.4296566528857997,58789.224932935314,,3.1924214731982437,1028428.9593532973,,4.076652300647745,1156293.1416856456,,2.0071894797173226,839034.9641451972,,38.30811494860334,2264836.197358029,
1.9675253446698768,72505.43895443555,,4.641366997511416,1185174.7842025505,,7.0227574580676935,1357412.65906561,,2.694274942788863,1028428.9593532973,,54.86753394190022,2776073.9815266132,
2.414169232494532,83042.43559660423,,6.747945967174103,1357412.65906561,,11.169648873087846,1882254.737893274,,3.9171265156145765,1054116.8377011453,,92.1901226934245,3121222.2064124844,
3.5098891221534436,135179.40409128502,,8.746938487951146,1564299.838749713,,22.799316627253237,2364760.1075569717,,5.61037974169586,1461689.9281179863,,144.44922523217554,3849439.866037194,
4.830387625503281,154824.6189543432,,12.71691472071415,1674112.9144011284,,42.966699296313365,2989333.6793404086,,7.4189897373844715,1391317.8218255502,,257.68448966586163,4836222.031154403,
7.837577910395414,229758.33209622744,,17.155457653565172,2116274.755331575,,79.37324180436671,3849439.866037194,,10.573101959179887,1758788.6442089963,,257.68448966586163,4836222.031154403,
12.28040514294899,332650.41284671647,,24.941811615084784,2423826.5792002496,,113.68385117938386,4631865.481668093,,14.263396972544243,1603372.5851867925,,420.19915594863187,5573324.584065888,
19.629604764137795,502869.33909742214,,42.966699296313365,2725180.0181968966,,174.60696544375486,5712533.892211581,,19.629604764137795,2064703.0447571236,,610.9151035274405,6706141.8433436025,
31.85014715525438,710325.6549672574,,65.99253017410186,3279091.945034658,,248.8394395691225,6113550.948486465,,29.553322014731616,2364760.1075569717,,938.3041765744466,7539913.9144287035,
60.023540079587725,984972.2710186074,,107.07662341896526,3945590.3508001873,,461.9855050419202,7539913.9144287035,,39.08038365093582,2593978.0072796433,,938.3041765744466,7539913.9144287035,
78.19393895279805,1185174.7842025505,,180.81340667053075,4408867.345238502,,645.3836559991823,8425223.42353467,,53.78329486134349,2776073.9815266132,,1412.6624458956712,8069212.145228301,
124.36693810393068,1633316.289826298,,311.483199097537,5207743.5596826915,,1553.1434660964621,11120364.539086545,,84.27101565956416,3121222.2064124844,,2137.470648833688,9072454.229800357,
198.7942427215317,2116274.755331575,,515.5877033856294,6113550.948486465,,3813.0563347443804,14057442.924972568,,103.40120585868246,3664111.0995128863,,3282.9400116735737,9709336.033404808,
277.7112133584571,2845414.1630467162,,938.3041765744466,7176909.686777497,,5655.4471048968635,15708017.19364916,,144.44922523217554,3664111.0995128863,,5543.689635066996,11398126.623541467,
497.89009546354606,3664111.0995128863,,2258.069270132667,9709336.033404808,,7900.536032049598,17660989.011742897,,191.9706072047212,4222568.843637097,,8994.950880647411,12815251.382218197,
749.5976865546405,4631865.481668093,,3948.592222306673,12198269.479910856,,12628.606135442353,19856773.07502629,,248.8394395691225,4518991.089796914,,15495.400079124263,14677653.19276157,
1944.1375383052148,7002014.858847899,,3948.592222306673,12198269.479910856,,21325.114893800965,22325558.13782134,,428.6701197984854,4957020.14955589,,25649.016585756366,17660989.011742897,
3282.9400116735737,8851366.687854078,,5856.47115899731,12198269.479910856,,33247.20906827332,22742497.98384797,,658.3942047874425,5573324.584065888,,43311.8445328014,20352751.301322926,
7478.5854012205855,11120364.539086545,,8817.201370658277,14319971.998265313,,84947.95245259824,26863384.20555799,,971.656395427502,5819218.033621931,,78822.05947389448,24946944.686769664,
11894.64017486077,13380656.522681523,,13341.12702535174,17230606.609137736,,204430.8932889886,32927212.14708386,,1337.215184117979,6542719.203941576,,133101.74190399158,28749180.501730833,
18637.26294613877,17230606.609137736,,22528.30309039118,17230606.609137736,,530206.7772636056,36118870.52628187,,1707.59450234319,7539913.9144287035,,242228.27565078533,31535859.265591856,
40998.65210524389,20732848.091799807,,50305.6719215142,19856773.07502629,,1226034.8426072623,40609515.99538184,,2520.0633707495267,8069212.145228301,,540895.4290125776,35456700.68343622,
104231.81268289141,26208747.716695152,,121062.7584479629,24946944.686769664,,,,,3468.167368798276,8425223.42353467,,,,
264990.9257326969,32927212.14708386,,307780.62481249793,28749180.501730833,,,,,4869.189425656354,9709336.033404808,,,,
628237.1090232915,42663523.4488059,,770851.9249442347,31535859.265591856,,,,,6667.733707613108,10390926.624894915,,,,
,,,0.0008740920586658523,5175.163814499426,,,,,9694.020491506742,10390926.624894915,,,,
,,,0.0012210875067399168,6227.052108501766,,,,,13077.49259055326,12198269.479910856,,,,
,,,0.0014982840739210864,8219.021142750373,,,,,27096.16442827981,14677653.19276157,,,,
,,,0.0019518464464906926,9889.594758989244,,,,,53143.97741149308,15044268.471550187,,,,
,,,0.0025810603599334403,12813.868238058303,,,,,98665.01583067987,18900781.712850273,,,,
,,,0.004864165280214154,22185.889011093306,,,,,245881.5063235362,22742497.98384797,,,,
,,,0.005565671513181856,27362.116496326267,,,,,677062.441941693,28048588.854851015,,,,
,,,0.007931863294492282,31532.455614873703,,,,,,,,,,
,,,0.01070029546088589,39615.62249264062,,,,,,,,,,
,,,0.013394027358431511,50078.78565222825,,,,,,,,,,
,,,0.016434578002013422,60257.64960583752,,,,,,,,,,
