A,B,C
0.3463885595565488,1.0105932732040688,
0.42788591560378464,1.0063637058963764,
0.4767843292321263,0.9857285441830896,
0.6397790413265989,0.9584286097425303,
0.6886774549549397,0.9211315162110617,
0.8190732246305181,0.9031878973299428,
0.8679716382588589,0.9090836578194533,
1.1287631776100158,0.9298469882390337,
1.1287631776100158,0.9518920057215512,
1.2591589472855933,0.9590694532739987,
1.2591589472855933,0.9618891648124603,
1.3406563033328291,0.9659905634138588,
1.5199504866367484,0.9822679891131596,
1.650346256312326,0.9991862583439288,
1.7481430835690093,0.9908552924348379,
1.8785388532445868,0.9802172898124603,
1.9111377956634819,0.9545835485537191,
2.057833036548506,0.9186963107914813,
2.1882288062240836,0.8980611490781946,
2.2208277486429786,0.8894738457565162,
2.351223518318556,0.9056231027495232,
2.400121931946898,0.9298469882390337,
2.5305177016224754,0.9500976438334394,
2.660913471298053,0.9753468789732995,
2.758710298554737,1.005722862364908,
2.840207654601973,1.0560931639383344,
2.9706034242775505,1.0892888588684044,
3.0521007803247873,1.075446638588684,
3.1987960212098105,1.046736848378894,
3.329191790885389,1.038790388588684,
3.329191790885389,1.0519917653369357,
3.4921865029798607,1.0809578929593133,
3.589983330236544,1.1223563850921805,
3.769277513540464,1.1158197810712016,
3.899673283216041,1.0540424646376352,
4.030069052891619,1.050966415686586,
4.160464822567196,1.0646804672600128,
4.193063764986093,1.0905705459313415,
4.470154775546693,1.0858283037984742,
4.470154775546693,1.074677626350922,
4.551652131593931,1.093774763588684,
4.600550545222273,1.1188958300222505,
4.682047901269508,1.143119715511761,
4.9917378542490045,1.1264577836935792,
5.040636267877346,1.1009522111411316,
5.040636267877346,1.1009522111411316,
5.040636267877346,1.0864691473299428,
5.203630979971818,1.0726269270502224,
5.203630979971818,1.0805733868404324,
5.43182357690408,1.0971071499523204,
5.513320932951315,1.1154352749523204,
5.7741124723024715,1.0740367828194533,
5.871909299559155,1.047505860616656,
6.0023050692347315,1.0281523859663064,
6.181599252538652,1.0330227968054673,
6.311995022214228,1.037124195406866,
6.442390791889807,1.0460960048474253,
6.474989734308702,1.0644241298474253,
6.572786561565383,1.0895451962809917,
6.621684975193725,1.1185113239033693,
6.7846796872881985,1.1317127006516212,
6.915075456963777,1.1254324340432296,
7.0128722842204585,1.0974916560712016,
7.094369640267695,1.0709607338684044,
7.094369640267695,1.062373430546726,
7.224765409943274,1.0660903230292436,
7.53445536292277,1.0799325433089637,
7.762647959855032,1.0740367828194533,
7.762647959855032,1.0691663719802924,
8.05603844162508,1.064039623728544,
8.05603844162508,1.0391748947075652,
8.153835268881764,1.0202059261760967,
8.365728394604577,1.0143101656865863,
8.545022577908497,1.0377650389383344,
8.626519933955732,1.0630142740781945,
8.675418347584074,1.0899297023998729,
8.854712530887994,1.1078733212809917,
9.164402483867491,1.0923649078194533,
9.197001426286388,1.064039623728544,
9.24589983991473,1.0430199558963764,
9.376295609590306,1.0230256377145581,
9.506691379265884,1.0302030852670057,
9.685985562569803,1.0477621980292435,
9.76748291861704,1.068910034567705,
9.76748291861704,1.086853653448824,
9.897878688292616,1.0923649078194533,
10.126071285224878,1.0819832426096632,
10.305365468528796,1.0771128317705023,
10.337964410947691,1.0726269270502224,
10.435761238204375,1.0557086578194532,
10.468360180623268,1.0346889899872855,
10.647654363927188,1.0232819751271456,
10.647654363927188,1.0232819751271456,
10.87584696085945,1.025717180546726,
10.908445903278343,1.040584750476796,
10.908445903278343,1.0633987801970757,
10.908445903278343,1.0871099908614112,
11.038841672953923,1.103387416560712,
11.267034269886183,1.1088986709313413,
11.315932683514523,1.0899297023998729,
11.39743003956176,1.0726269270502224,
11.478927395608997,1.0491720537984743,
11.7560184061696,1.0360988457565163,
11.91901311826407,1.0519917653369357,
11.91901311826407,1.0771128317705023,
11.967911531892414,1.1013367172600128,
12.09830730156799,1.121715541560712,
12.27760148487191,1.1331225564208518,
12.32649989850025,1.1229972286236491,
12.45689566817583,1.096850812539733,
12.587291437851407,1.0626297679593135,
12.668788793898644,1.0377650389383344,
12.766585621155327,1.0177707207565163,
12.766585621155327,1.0105932732040688,
12.929580333249797,1.0032876569453275,
13.19037187260095,1.0081580677844881,
13.239270286229294,1.0185397329942785,
13.239270286229294,1.0230256377145581,
13.418564469533214,1.0281523859663064,
13.548960239208794,1.0399439069453273,
13.67935600888437,1.0567340074698028,
13.728254422512714,1.0699353842180548,
13.809751778559948,1.0805733868404324,
13.858650192188287,1.0833930983788937,
14.119441731539444,1.0805733868404324,
14.200939087586681,1.068910034567705,
14.249837501215024,1.0546833081691036,
14.331334857262258,1.0416101001271456,
14.478030098147284,1.0298185791481247,
14.608425867822861,1.0171298772250477,
14.641024810241754,1.006107368483789,
14.738821637498438,0.9981609086935792,
14.869217407174018,0.9884200870152575,
14.999613176849595,0.9863693877145582,
15.081110532896828,0.9963665468054672,
15.130008946525171,1.0140538282739988,
15.211506302572408,1.038790388588684,
15.341902072247985,1.0522481027495232,
15.390800485876328,1.0619889244278449,
15.521196255551905,1.068910034567705,
15.618993082808588,1.0826240861411316,
15.700490438855821,1.106463465511761,
15.781987794903058,1.1113338763509217,
15.961281978206978,1.1003113676096632,
16.04277933425422,1.0795480371900827,
16.189474575139243,1.0633987801970757,
16.319870344814824,1.0609635747774953,
16.580661884165977,1.065449479497775,
16.580661884165977,1.0705762277495232,
16.61326082658487,1.0768564943579149,
16.759956067469894,1.0930057513509217,
16.890351837145474,1.109924020581691,
16.971849193192703,1.12786763946281,
17.05334654923994,1.1378647985537191,
17.151143376496627,1.15311687460267,
17.281539146172207,1.14619576446281,
17.41193491584778,1.12440708439288,
17.460833329476124,1.1103085267005721,
17.591229099151704,1.072370589637635,
17.623828041570597,1.029177735616656,
17.75422381124617,1.002262307294978,
17.982416408178437,0.9843186884138588,
18.063913764225674,1.0071327181341387,
18.161710591482354,1.0419946062460268,
18.324705303576827,1.078138181420852,
18.422502130833507,1.1105648641131596,
18.503999486880744,1.1420943658614113,
18.60179631413743,1.1633703711061665,
18.634395256556324,1.1690097941830897,
18.81368943986024,1.152732368483789,
18.895186795907478,1.1264577836935792,
18.992983623164157,1.096850812539733,
19.0418820367925,1.074677626350922,
19.17227780646808,1.0657058169103624,
19.204876748886974,1.0636551176096631,
19.38417093219089,1.0733959392879848,
19.465668288238128,1.1023620669103624,
19.51456670186647,1.1392746543229497,
19.612363529123158,1.165805576525747,
19.77535824121763,1.1696506377145581,
19.905754010893205,1.1468366079942784,
20.00355083814989,1.111718382469803,
20.036149780568785,1.072370589637635,
20.182845021453808,1.0360988457565163,
20.313240791129388,1.0261016866656072,
20.44363656080496,1.0491720537984743,
20.57403233048054,1.0954409567705023,
20.606631272899435,1.1354295931341385,
20.655529686527778,1.1747773859663064,
20.834823869831695,1.1882351001271456,
20.965219639507275,1.1672154322949777,
21.01411805313562,1.1420943658614113,
21.01411805313562,1.1241507469802925,
21.14451382281119,1.1137690817705022,
21.323808006115115,1.1109493702320408,
21.48680271820959,1.1082578273998729,
21.61719848788516,1.1178704803719008,
21.666096901513505,1.1586281289732994,
21.84539108481743,1.1641393833439289,
21.975786854493002,1.1886196062460268,
22.18767998021582,1.1672154322949777,
22.236578393844155,1.128252145581691,
22.318075749891392,1.0940311010012715,
22.366974163519735,1.0760874821201525,
22.464770990776422,1.0660903230292436,
22.676664116499232,1.085059291560712,
22.676664116499232,1.1119747198823904,
22.725562530127576,1.1386338107914813,
22.85595829980315,1.1476056202320406,
22.98635406947873,1.1382493046726,
23.11674983915431,1.1137690817705022,
23.165648252782653,1.0948001132390337,
23.32864296487712,1.0785226875397331,
23.377541378505462,1.070191721630642,
23.55683556180938,1.0844184480292434,
23.638332917856623,1.1005677050222504,
23.736129745113303,1.11300006953274,
23.817627101160532,1.1241507469802925,
23.817627101160532,1.1286366517005721,
24.306611237443953,1.1203056857914813,
24.437007007119533,1.11300006953274,
24.648900132842343,1.1047972723299428,
24.74669696009903,1.118254986490782,
24.74669696009903,1.1254324340432296,
24.828194316146266,1.1454267522250476,
25.040087441869076,1.1492718134138589,
25.219381625173,1.1541422242530197,
25.268280038801336,1.13478874960267,
25.349777394848573,1.1082578273998729,
25.398675808476916,1.0913395581691037,
25.480173164524153,1.0671156726795932,
25.610568934199726,1.0505819095677051,
25.78986311750365,1.042250943658614,
26.050654656854803,1.060194562539733,
26.099553070483147,1.0740367828194533,
26.181050426530383,1.096466306420852,
26.22994884015872,1.1054381158614113,
26.27884725378707,1.1105648641131596,
26.58853720676656,1.1082578273998729,
26.800430332489377,1.1133845756516212,
26.800430332489377,1.0892888588684044,
26.979724515793293,1.075446638588684,
27.061221871840537,1.0691663719802924,
27.159018699097217,1.0799325433089637,
27.159018699097217,1.0892888588684044,
27.240516055144454,1.0940311010012715,
27.631703364171187,1.0892888588684044,
27.599104421752287,1.0819832426096632,
27.729500191427867,1.0736522767005723,
28.02289067319792,1.0805733868404324,
28.169585914082944,1.088519846630642,
28.071789086826257,1.0950564506516212,
28.202184856501837,1.0992860179593134,
28.511874809481334,1.1019775607914812,
28.59337216552857,1.1103085267005721,
28.560773223109678,1.1158197810712016,
28.560773223109678,1.1158197810712016,
29.033457888183648,1.1196648422600126,
29.261650485115908,1.1241507469802925,
29.343147841163145,1.0982606683089637,
29.31054889874425,1.0854437976795932,
29.65283779414264,1.0809578929593133,
30.01142616075048,1.0848029541481246,
30.01142616075048,1.0948001132390337,
30.09292351679772,1.1013367172600128,
30.174420872844955,1.1074888151621107,
30.141821930426055,1.1133845756516212,
30.22331928647329,1.1178704803719008,
30.45151188340556,1.1233817347425301,
30.614506595500025,1.1296620013509218,
30.71230342275671,1.1229972286236491,
30.875298134851185,1.106463465511761,
30.973094962107865,1.086853653448824,
31.02199337573621,1.0591692128893833,
31.184988087830675,1.0399439069453273,
31.315383857506255,1.0175143833439289,
31.3642822711346,1.0043130065956771,
31.59247486806686,0.994315847504768,
31.885865349836905,1.0077735616656072,
31.983662177093592,1.0243073247774952,
31.983662177093592,1.046736848378894,
32.065159533140836,1.068910034567705,
32.065159533140836,1.0995423553719008,
32.162956360397516,1.1188958300222505,
32.24445371644475,1.1292774952320408,
32.45634684216756,1.1337633999523204,
32.55414366942425,1.1199211796726,
32.55414366942425,1.0889043527495232,
32.63564102547148,1.0675001787984744,
32.68453943909982,1.0575030197075652,
32.86383362240374,1.0544269707565161,
33.15722410417379,1.0644241298474253,
33.15722410417379,1.072370589637635,
33.56471088440997,1.0675001787984744,
33.515812470781626,1.080317049427845,
33.59730982682887,1.1027465730292434,
33.56471088440997,1.1268422898124604,
33.64620824045721,1.1468366079942784,
33.72770559650444,1.1602943221551176,
33.906999779808366,1.14619576446281,
34.03739554948394,1.124791590511761,
34.135192376740626,1.1109493702320408,
34.2655881464162,1.0978761621900825,
34.39598391609178,1.085059291560712,
34.34708550246344,1.0740367828194533,
34.44488232972012,1.0636551176096631,
34.73827281149018,1.0705762277495232,
34.73827281149018,1.0813423990781945,
34.917566994794086,1.0905705459313415,
34.917566994794086,1.1023620669103624,
35.14575959172635,1.109924020581691,
35.27615536140193,1.1168451307215512,
35.04796276446967,1.1254324340432296,
35.58584531438143,1.1162042871900826,
35.48804848712474,1.1337633999523204,
35.58584531438143,1.1476056202320406,
35.61844425680032,1.1613196718054672,
35.66734267042866,1.1772125913858869,
36.00963156582705,1.1827238457565161,
36.05852997945539,1.1655492391131597,
36.28672257638766,1.1433760529243484,
36.10742839308374,1.125176096630642,
36.18892574913097,1.1133845756516212,
36.72680829904273,1.1229972286236491,
36.72680829904273,1.1123592260012716,
36.80830565508997,1.106463465511761,
36.93870142476555,1.0948001132390337,
37.1994929641167,1.1027465730292434,
37.378787147420624,1.0971071499523204,
37.68847710040012,1.1040282600921805,
37.721076042819014,1.121715541560712,
38.03076599579851,1.152732368483789,
38.1285628230552,1.1296620013509218,
38.25895859273077,1.1005677050222504,
38.161161765474084,1.0699353842180548,
38.291557535149664,1.0477621980292435,
38.650145901757504,1.0426354497774952,
38.780541671433085,1.0534016211061665,
38.73164325780474,1.0809578929593133,
38.862039027480314,1.10953951446281,
38.780541671433085,1.1433760529243484,
39.090231624412574,1.1568337670851876,
39.17172898045982,1.143119715511761,
39.30212475013539,1.1237662408614113,
39.30212475013539,1.1019775607914812,
39.351023163763735,1.0836494357914812,
39.66071311674323,1.0764719882390337,
39.791108886418805,1.0954409567705023,
39.84000730004715,1.1196648422600126,
39.87260624246605,1.1386338107914813,
40.00300201214162,1.1586281289732994,
40.23119460907388,1.165805576525747,
40.28009302270223,1.1488873072949777,
40.410488792377805,1.1262014462809917,
40.491986148425035,1.111718382469803,
40.54088456205338,1.1058226219802925,
41.01356922712735,1.109924020581691,
41.111366054384035,1.121715541560712,
41.111366054384035,1.1323535441830896,
40.98097028470845,1.1547830677844884,
41.192863410431265,1.1706759873649077,
41.584050719458,1.1651647329942785,
41.812243316390266,1.1323535441830896,
41.551451777039105,1.1015930546726,
41.50255336341077,1.0844184480292434,
42.024136442113075,1.1015930546726,
42.024136442113075,1.0785226875397331,
42.33382639509257,1.0892888588684044,
42.43162322234925,1.1074888151621107,
42.43162322234925,1.1192803361411316,
42.69241476170041,1.1272267959313413,
42.77391211774764,1.1119747198823904,
42.77391211774764,1.0905705459313415,
43.0347036570988,1.081598736490782,
43.213997840402726,1.0878790030991736,
43.213997840402726,1.0985170057215512,
43.213997840402726,1.0985170057215512,
43.425890966125536,1.1072324777495233,
43.39329202370664,1.1233817347425301,
43.39329202370664,1.152732368483789,
43.425890966125536,1.1645238894628098,
43.83337774636172,1.1555520800222505,
43.83337774636172,1.1319690380642085,
43.91487510240895,1.1137690817705022,
43.9637735160373,1.0889043527495232,
44.04527087208453,1.0691663719802924,
44.35496082506403,1.0791635310712016,
44.30606241143569,1.1072324777495233,
44.30606241143569,1.1378647985537191,
44.30606241143569,1.177597097504768,
44.53425500836795,1.1813139899872855,
44.7950465477191,1.1572182732040686,
44.84394496134745,1.1417098597425301,
44.925442317394676,1.1241507469802925,
44.925442317394676,1.11300006953274,
44.97434073102302,1.1003113676096632,
45.49592380972533,1.1199211796726,
45.4144264536781,1.10505360974253,
45.62631957940091,1.0709607338684044,
45.57742116577257,1.0385340511760965,
45.62631957940091,1.0208467697075652,
45.88711111875207,1.016104527574698,
46.01750688842764,1.0243073247774952,
46.196801071731564,1.0554523204068658,
46.196801071731564,1.0705762277495232,
46.45759261108272,1.0826240861411316,
46.50649102471106,1.1072324777495233,
46.5553894383394,1.125176096630642,
46.5879883807583,1.1309436884138588,
46.84877992010946,1.1140254191830896,
46.99547516099448,1.0992860179593134,
46.99547516099448,1.0889043527495232,
47.25626670034563,1.0948001132390337,
47.25626670034563,1.0948001132390337,
47.33776405639287,1.1054381158614113,
47.28886564276453,1.1258169401621108,
47.64745400937237,1.1337633999523204,
47.56595665332513,1.1172296368404324,
47.728951365419604,1.0899297023998729,
47.728951365419604,1.0681410223299428,
47.77784977904794,1.0519917653369357,
48.169037088074674,1.0430199558963764,
48.34833127137859,1.0522481027495232,
48.26683391533136,1.081598736490782,
48.429828627425834,1.0982606683089637,
48.397229685006934,1.1174859742530197,
48.397229685006934,1.1364549427844883,
48.57652386831086,1.1651647329942785,
48.788416994033675,1.1717013370152576,
48.91881276370925,1.1586281289732994,
48.91881276370925,1.1358140992530197,
49.098106947013164,1.1188958300222505,
49.228502716688745,1.1085141648124603,
49.40779689999266,1.1199211796726,
49.489294256039905,1.1254324340432296,
49.570791612087135,1.1358140992530197,
49.75008579539105,1.1299183387635092,
49.97827839232332,1.121715541560712,
50.141273104417785,1.11300006953274,
50.10867416199889,1.1015930546726,
50.36946570135005,1.1306873510012714,
50.54875988465397,1.1268422898124604,
50.63025724070121,1.1037719226795932,
50.858449837633465,1.1109493702320408,
50.858449837633465,1.1172296368404324,
51.07034296335628,1.1309436884138588,
51.42893132996412,1.1233817347425301,
51.559327099639695,1.10505360974253,
51.2822360890791,1.0899297023998729,
51.559327099639695,1.081598736490782,
51.689722869315275,1.074677626350922,
51.95051440866643,1.0864691473299428,
51.85271758140975,1.1088986709313413,
51.95051440866643,1.1447859086935792,
52.080910178342,1.1847745450572156,
52.162407534389246,1.2004111272250477,
52.65139167067266,1.2082294183089637,
52.700290084301,1.1900294620152574,
52.700290084301,1.1633703711061665,
52.830685853976576,1.1376084611411317,
52.863284796395476,1.1158197810712016,
52.863284796395476,1.088519846630642,
52.863284796395476,1.0626297679593135,
53.14037580695607,1.0519917653369357,
53.48266470235446,1.060194562539733,
53.531563115982806,1.0823677487285441,
53.564162058401706,1.1174859742530197,
53.61306047203005,1.1233817347425301,
54.00424778105678,1.1196648422600126,
54.31393773403628,1.1103085267005721,
54.36283614766462,1.1237662408614113,
54.44433350371185,1.1364549427844883,
54.80292187031969,1.1413253536236492,
54.933317639995266,1.1309436884138588,
54.88441922636693,1.118254986490782,
54.933317639995266,1.1030029104418309,
54.98221605362361,1.0830085922600128,
55.19410917934643,1.0899297023998729,
55.45490071869759,1.0978761621900825,
55.45490071869759,1.106847971630642,
55.42230177627869,1.1196648422600126,
55.50379913232592,1.1299183387635092,
56.02538221102823,1.1254324340432296,
55.943884854981,1.1168451307215512,
56.07428062465657,1.1058226219802925,
56.12317903828492,1.0954409567705023,
56.204676394332154,1.0844184480292434,
56.28617375037939,1.0744212889383344,
56.335072164007734,1.0644241298474253,
56.204676394332154,1.045711498728544,
56.693660530615574,1.0444298116656072,
57.035949426013964,1.0364833518753973,
57.133746253270644,1.050197403448824,
56.95445206996673,1.062373430546726,
57.16634519568954,1.0785226875397331,
57.16634519568954,1.0785226875397331,
57.476035148669034,1.0595537190082644,
57.736826688020194,1.0522481027495232,
57.834623515276874,1.0958254628893833,
57.86722245769577,1.1203056857914813,
58.12801399704692,1.0982606683089637,
58.22581082430361,1.0726269270502224,
58.22581082430361,1.0477621980292435,
58.30730818035084,1.0432762933089639,
58.61699813333034,1.0516072592180548,
58.66589654695868,1.078138181420852,
58.69849548937758,1.1133845756516212,
58.66589654695868,1.14273520939288,
58.84519073026261,1.1586281289732994,
59.13858121203265,1.1610633343928798,
59.236378039289335,1.1458112583439288,
59.236378039289335,1.1229972286236491,
59.31787539533657,1.0960818003019708,
59.36677380896491,1.078138181420852,
59.448271165012144,1.0681410223299428,
59.57866693468773,1.0464805109663065,
59.83945847403888,1.0546833081691036,
59.986153714923915,1.0630142740781945,
60.0187526573428,1.096466306420852,
60.11654948459949,1.1144099253019708,
60.11654948459949,1.1288929891131596,
60.27954419669396,1.1378647985537191,
60.409939966369535,1.1196648422600126,
60.50773679362622,1.1044127662110617,
60.76852833297737,1.1113338763509217,
60.687030976930146,1.0982606683089637,
61.02931987232853,1.103387416560712,
61.1597156420041,1.1192803361411316,
61.1597156420041,1.1458112583439288,
61.127116699585216,1.1827238457565161,
61.42050718135526,1.172342180546726,
61.51830400861195,1.1641393833439289,
61.77909554796311,1.1861844008264464,
61.64869977828752,1.1982322592180548,
61.827993961591446,1.2016928142879848,
62.17028285698983,1.194130860616656,
62.08878550094259,1.177981603623649,
62.039887087314256,1.1602943221551176,
62.268079684246516,1.1488873072949777,
62.47997280996934,1.1631140336935792,
62.65926699327325,1.1751618920851876,
62.740764349320486,1.1468366079942784,
62.691865935692135,1.1140254191830896,
63.09935271592832,1.1019775607914812,
63.229748485603906,1.1188958300222505,
63.18085007197557,1.1547830677844884,
63.18085007197557,1.1910548116656072,
63.36014425527948,1.2086139244278449,
63.5394384385834,1.1951562102670057,
63.669834208258976,1.1517070188334393,
63.5720373810023,1.1274831333439288,
63.70243315067788,1.114794431420852,
63.70243315067788,1.114794431420852,
63.70243315067788,1.099926861490782,
64.01212310365737,1.085059291560712,
64.19141728696128,1.093390257469803,
64.24031570058963,1.12786763946281,
64.27291464300853,1.1602943221551176,
64.32181305663687,1.1761872417355372,
64.50110723994078,1.1820830022250477,
64.7130003656636,1.1727266866656072,
64.84339613533918,1.162729527574698,
64.84339613533918,1.162729527574698,
64.89229454896751,1.1502971630642085,
65.07158873227144,1.1406845100921805,
65.07158873227144,1.13478874960267,
65.15308608831867,1.124791590511761,
65.20198450194701,1.1085141648124603,
65.38127868525093,1.093774763588684,
65.46277604129817,1.0805733868404324,
65.51167445492652,1.0695508780991736,
65.5442733973454,1.062373430546726,
65.821364407906,1.0681410223299428,
65.90286176395324,1.0833930983788937,
65.95176017758159,1.1105648641131596,
65.98435912000048,1.1364549427844883,
66.11475488967606,1.1523478623649077,
66.21255171693275,1.1582436228544184,
66.52224166991223,1.1551675739033693,
66.4733432562839,1.143119715511761,
66.55484061233113,1.1368394489033693,
66.7830332092634,1.1323535441830896,
66.7830332092634,1.1162042871900826,
66.91342897893898,1.0878790030991736,
67.22311893191846,1.1009522111411316,
67.25571787433736,1.1213310354418309,
67.30461628796571,1.1458112583439288,
67.40241311522239,1.1751618920851876,
67.53280888489796,1.1602943221551176,
67.74470201062078,1.1517070188334393,
67.79360042424912,1.146580270581691,
67.97289460755304,1.1344042434837889,
68.10329037722862,1.1119747198823904,
68.18478773327584,1.0915958955816911,
68.23368614690419,1.0826240861411316,
68.31518350295143,1.0726269270502224,
68.36408191657978,1.0599382251271456,
68.80416763923485,1.0534016211061665,
69.06495917858601,1.0585283693579148,
69.06495917858601,1.0671156726795932,
68.80416763923485,1.0805733868404324,
69.11385759221434,1.0854437976795932,
69.32575071793715,1.0760874821201525,
69.3746491315655,1.0989015118404324,
69.50504490124108,1.124791590511761,
69.53764384365998,1.1499126569453275,
69.68433908454499,1.1565774296726001,
69.84733379663948,1.1403000039732993,
69.81473485422057,1.125176096630642,
69.89623221026781,1.1331225564208518,
70.25482057687566,1.1358140992530197,
70.3363179329229,1.1199211796726,
70.38521634655122,1.0944156071201525,
70.5482110586457,1.068910034567705,
70.59710947227404,1.0540424646376352,
70.64600788590239,1.0391748947075652,
70.8253020692063,1.044045305546726,
71.11869255097635,1.0385340511760965,
71.1675909646047,1.0477621980292435,
71.21648937823304,1.0646804672600128,
71.24908832065194,1.0871099908614112,
71.42838250395585,1.12786763946281,
71.55877827363143,1.1831083518753973,
71.78697087056368,1.152732368483789,
71.91736664023927,1.11300006953274,
71.96626505386762,1.0733959392879848,
71.86846822661091,1.037124195406866,
72.17815817959041,1.0220002880642085,
72.25965553563766,1.037508701525747,
72.43894971894159,1.0516072592180548,
72.53674654619826,1.0560931639383344,
72.66714231587383,1.0630142740781945,
72.66714231587383,1.0771128317705023,
72.79753808554942,1.0726269270502224,
73.18872539457615,1.068910034567705,
73.10722803852892,1.0557086578194532,
73.27022275062338,1.0522481027495232,
73.40061852029896,1.0481467041481247,
73.49841534755565,1.0399439069453273,
73.57991270360287,1.0177707207565163,
73.53101428997455,0.9881637496026701,
73.71030847327846,0.9688102749523204,
73.80810530053515,0.9500976438334394,
74.01999842625796,0.9435610398124603,
74.24819102319023,0.9488159567705023,
74.1014957823052,0.9753468789732995,
74.15039419593354,0.9904707863159568,
74.2807899656091,0.9939313413858868,
74.50898256254138,0.9873947373649079,
74.59047991858861,0.9781665905117609,
74.54158150496028,0.9725271674348379,
74.59047991858861,0.9653497198823904,
74.72087568826419,0.9574032600921806,
75.07946405487202,0.9635553579942784,
75.16096141091926,0.9757313850921805,
75.16096141091926,1.0036721630642085,
75.24245876696651,1.0336636403369357,
75.38915400785152,1.0771128317705023,
75.42175295027042,1.1168451307215512,
75.47065136389875,1.1486309698823904,
75.5195497775271,1.172342180546726,
75.78034131687825,1.167599938413859,
75.95963550018217,1.1502971630642085,
75.99223444260107,1.1044127662110617,
76.04113285622942,1.072370589637635,
76.09003126985775,1.0495565599173553,
76.38342175162781,1.0540424646376352,
76.43232016525616,1.0612199121900827,
76.53011699251283,1.0678846849173553,
76.6931117046073,1.0774973378893833,
76.82350747428288,1.1013367172600128,
76.92130430153956,1.139659160441831,
76.87240588791121,1.1665745887635093,
76.95390324395845,1.1727266866656072,
77.13319742726239,1.1472211141131596,
77.26359319693795,1.1306873510012714,
77.36139002419463,1.1185113239033693,
77.4917857938702,1.125176096630642,
77.70367891959303,1.13478874960267,
77.75257733322137,1.1206901919103625,
77.80147574684972,1.0930057513509217,
77.88297310289694,1.0740367828194533,
78.09486622861976,1.0823677487285441,
78.32305882555202,1.0926212452320407,
78.37195723918036,1.10607895939288,
78.37195723918036,1.1262014462809917,
78.4534545952276,1.1417098597425301,
78.81204296183544,1.1344042434837889,
78.81204296183544,1.1274831333439288,
78.89354031788268,1.1113338763509217,
79.02393608755825,1.0830085922600128,
79.15433185723383,1.0705762277495232,
79.38252445416609,1.0660903230292436,
79.46402181021332,1.075446638588684,
79.41512339658499,1.0985170057215512,
79.59441757988891,1.1296620013509218,
79.72481334956449,1.1565774296726001,
79.80631070561172,1.1631140336935792,
79.90410753286841,1.1433760529243484,
79.98560488891565,1.1185113239033693,
80.16489907221955,1.0978761621900825,
80.08340171617232,1.0785226875397331,
80.24639642826679,1.068910034567705,
80.34419325552346,1.0750621324698029,
80.42569061157072,1.0950564506516212,
80.65388320850298,1.1158197810712016,
80.65388320850298,1.1072324777495233,
80.68648215092188,1.0889043527495232,
80.78427897817855,1.0848029541481246,
81.09396893115805,1.0836494357914812,
81.09396893115805,1.0948001132390337,
81.12656787357695,1.1103085267005721,
81.3547604705092,1.1037719226795932,
81.48515624018478,1.0948001132390337,
81.61555200986037,1.0874944969802924,
81.74594777953594,1.0948001132390337,
81.82744513558316,1.1088986709313413,
81.79484619316428,1.1174859742530197,
82.0067393188871,1.1296620013509218,
82.23493191581935,1.1354295931341385,
82.3164292718666,1.118254986490782,
82.36532768549493,1.090314208518754,
82.44682504154217,1.0534016211061665,
82.49572345517052,1.0412255940082644,
82.80541340815002,1.050197403448824,
82.83801235056889,1.0681410223299428,
82.88691076419724,1.0826240861411316,
83.06620494750116,1.0758311447075652,
83.09880388992006,1.080317049427845,
83.24549913080507,1.090314208518754,
83.40849384289956,1.1072324777495233,
83.4573922565279,1.0974916560712016,
83.6366864398318,1.0830085922600128,
83.71818379587904,1.088135340511761,
83.81598062313574,1.1192803361411316,
83.89747797918298,1.1486309698823904,
83.9463763928113,1.1696506377145581,
84.10937110490579,1.1647802268753973,
84.23976687458136,1.1717013370152576,
84.20716793216248,1.1890041123649078,
84.33756370183804,1.2004111272250477,
84.67985259723643,1.1945153667355373,
84.64725365481753,1.1890041123649078,
84.64725365481753,1.1696506377145581,
84.72875101086477,1.14619576446281,
84.77764942449312,1.124791590511761,
85.1199383198915,1.1168451307215512,
85.16883673351985,1.1319690380642085,
85.16883673351985,1.1565774296726001,
85.34813091682376,1.1831083518753973,
85.25033408956709,1.2031026700572156,
85.47852668649935,1.2127153230292436,
85.47852668649935,1.2010519707565162,
85.78821663947885,1.1845182076446281,
85.82081558189773,1.1706759873649077,
86.00010976520167,1.1492718134138589,
86.00010976520167,1.1354295931341385,
86.04900817883001,1.1172296368404324,
86.09790659245834,1.1092831770502225,
86.44019548785673,1.1003113676096632,
86.57059125753231,1.1241507469802925,
86.61948967116065,1.1565774296726001,
86.668388084789,1.1890041123649078,
86.88028121051181,1.1937463544977749,
87.05957539381573,1.1796477968054673,
87.09217433623463,1.1620886840432294,
87.09217433623463,1.1309436884138588,
87.09217433623463,1.1144099253019708,
87.45076270284247,1.1054381158614113,
87.49966111647082,1.1178704803719008,
87.49966111647082,1.1433760529243484,
87.84195001186919,1.1392746543229497,
87.93974683912587,1.1227408912110617,
87.97234578154477,1.090314208518754,
88.1516399648487,1.0691663719802924,
88.20053837847702,1.0530171149872856,
88.23313732089592,1.0416101001271456,
88.6406241011321,1.0530171149872856,
88.9503140541116,1.046736848378894,
88.80361881322658,1.0709607338684044,
88.9829129965305,1.1123592260012716,
88.9503140541116,1.1623450214558169,
89.03181141015884,1.1916956551970757,
89.29260294950998,1.197206909567705,
89.47189713281392,1.1588844663858868,
89.52079554644226,1.1286366517005721,
89.55339448886116,1.0992860179593134,
89.6022929024895,1.0768564943579149,
89.8141860282123,1.0530171149872856,
89.86308444184066,1.0399439069453273,
89.91198285546899,1.0295622417355372,
90.04237862514456,1.016104527574698,
90.22167280844849,1.0250763370152576,
90.35206857812406,1.0336636403369357,
90.51506329021854,1.0264861927844882,
90.7432558871508,1.0167453711061665,
90.87365165682638,1.0409692565956772,
91.23224002343422,1.0360988457565163,
91.23224002343422,1.018796070406866,
91.31373737948145,1.0050820188334393,
91.62342733246095,1.0198214200572155,
91.80272151576486,1.0136693221551176,
91.8842188718121,1.0067482120152575,
92.01461464148768,0.9994425957565163,
92.14501041116326,0.9891890992530197,
92.09611199753492,0.9763722286236491,
92.19390882479159,0.9632990205816911,
92.37320300809553,0.9722708300222505,
92.53619772018999,0.9853440380642086,
92.63399454744668,0.9939313413858868,
92.79698925954115,1.004697512714558,
92.8458876731695,1.0146946718054672,
93.155577626149,1.0285368920851876,
93.20447603977732,1.0540424646376352,
93.10667921252065,1.0805733868404324,
93.3674707518718,1.0716015773998728,
93.59566334880405,1.061604418308964,
93.59566334880405,1.0567340074698028,
93.67716070485129,1.0705762277495232,
93.59566334880405,1.0836494357914812,
93.80755647452688,1.0913395581691037,
93.90535330178355,1.0764719882390337,
94.03574907145914,1.0630142740781945,
94.11724642750637,1.0499410660362365,
94.34543902443863,1.045711498728544,
94.34543902443863,1.057118513588684,
94.5084337365331,1.0657058169103624,
94.5084337365331,1.0726269270502224,
95.04631628644486,1.0646804672600128,
95.04631628644486,1.0546833081691036,
94.99741787281651,1.0416101001271456,
95.17671205612044,1.0322537845677051,
95.56789936514717,1.0454551613159568,
95.48640200909993,1.0774973378893833,
95.64939672119442,1.1109493702320408,
95.64939672119442,1.1341479060712016,
95.69829513482274,1.14619576446281,
96.08948244384948,1.1388901482040688,
96.18727927110616,1.1292774952320408,
96.2687766271534,1.1206901919103625,
96.5784665801329,1.1123592260012716,
96.52956816650456,1.1003113676096632,
96.62736499376125,1.0823677487285441,
96.65996393618015,1.0646804672600128,
96.83925811948406,1.0336636403369357,
96.83925811948406,1.0336636403369357,
96.83925811948406,1.000852451525747,
96.8881565331124,0.9818834829942784,
97.27934384213913,0.9736806857914813,
97.27934384213913,0.9863693877145582,
97.40973961181471,1.0105932732040688,
97.40973961181471,1.0512227530991736,
97.45863802544304,1.081598736490782,
97.67053115116586,1.109924020581691,
97.54013538149029,1.1299183387635092,
97.76832797842255,1.1388901482040688,
97.93132269051702,1.143119715511761,
98.15951528744928,1.1372239550222505,
98.20841370107762,1.1137690817705022,
98.3388094707532,1.0874944969802924,
98.28991105712485,1.0575030197075652,
98.3388094707532,1.0381495450572156,
98.77889519340827,1.0432762933089639,
98.81149413582718,1.0489157163858869,
98.94188990550275,1.0544269707565161,
98.90929096308386,1.0760874821201525,
99.03968673275944,1.093390257469803,
99.03968673275944,1.1258169401621108,
99.34937668573892,1.1364549427844883,
99.56126981146174,1.1144099253019708,
99.38197562815782,1.0878790030991736,
99.56126981146174,1.0633987801970757,
99.61016822509009,1.0430199558963764,
99.87095976444124,1.0340481464558169,
100.05025394774515,1.0557086578194532,
