A,B,C,D,E,F,G,H,I,J,K
125.0,1.7874999999999996,135.0,8.881784197001252e-16,8.881784197001252e-16,1.4999999999999991,8.881784197001252e-16,8.881784197001252e-16,27.77777777777778,7.991028053849517e-16,13.88888888888889
131.55555555555554,1.5990277777777777,175.0,1.2212453270876722e-15,1.2212453270876722e-15,0.34999999999999876,1.2212453270876722e-15,1.2212453270876722e-15,72.22222222222221,1.310320941402846e-15,86.11111111111111
138.11111111111111,1.410555555555555,,,,,,,,,
144.66666666666666,1.222083333333333,,,,,,,,,
151.22222222222223,1.0336111111111101,,,,,,,,,
157.77777777777777,0.8451388888888882,,,,,,,,,
164.33333333333331,0.6566666666666663,,,,,,,,,
170.88888888888889,0.46819444444444347,,,,,,,,,
177.44444444444446,0.27972222222222065,,,,,,,,,
184.0,0.09124999999999783,,,,,,,,,
