branch,temperature_coordinate_K,specific_volume_coordinate_cm3_per_g
low,213.17513490321625,0.9896164798486504
low,232.48733477450125,1.006158671966515
low,253.2731563227116,1.0170523106782794
high,273.2833875146455,1.020616278898795
high,293.33239822439316,1.0269372791389544
high,312.60581857786434,1.0377972955090158
high,333.0426244657503,1.046236503276463
high,353.63454842489153,1.0494978704216518
high,373.8386772058945,1.0556507589532964
high,393.49989273750396,1.0658719508310013
