temperature_C,base_asphalt_Pa_s,PUP30_Pa_s,PUP40_Pa_s,PUP50_Pa_s,SBS_Pa_s
119.829,2.5977,2.66105,3.0716,3.12761,16.4259
123.062,2.14676,2.27476,2.61286,2.68459,14.147
126.533,1.77476,1.93169,2.24754,2.31071,11.9806
129.797,1.48276,1.64623,1.97244,1.98698,10.0774
133.053,1.25979,1.41035,1.71269,1.71329,8.45695
136.502,1.0556,1.22857,1.47388,1.50245,7.19527
139.749,0.890544,1.05671,1.2776,1.3142,6.0427
143.223,0.757834,0.917428,1.11929,1.15068,5.0816
146.471,0.657197,0.815562,0.993745,1.0133,4.31108
149.731,0.565207,0.719691,0.879128,0.898606,3.67248
153.193,0.489307,0.644173,0.782185,0.795074,3.18073
156.429,0.430829,0.58285,0.699131,0.704269,2.88459
159.708,0.377845,0.530175,0.619638,0.627495,2.57112
163.142,0.33284,0.491875,0.541305,0.559805,2.29136
166.392,0.291702,0.46113,0.49734,0.492059,1.98574
169.866,0.261274,0.438573,0.444757,0.387238,1.76272
173.094,0.233162,0.45017,0.516599,0.45578,1.54702
176.362,0.20869,0.485578,0.453746,0.353638,1.35493
179.818,0.18902,0.480968,0.433501,0.3422,1.18963
