manuscript_location,source_project,sample,metric,source_value,comparison_value,absolute_tolerance,status,note
Table 8,三大指标.opju,基质沥青,Ductility at 5 °C (cm),15.7,15.7,0.05,MATCH,
Table 8,三大指标.opju,基质沥青,Softening point (°C),48.6,48.6,0.05,MATCH,
Table 8,三大指标.opju,基质沥青,Penetration at 25 °C (0.1 mm),87.0,87,0.5,MATCH,
Table 10,三大指标.opju,基质沥青,Penetration after aging (0.1 mm),49.94,49.94,0.005,MATCH,
Table 10,三大指标.opju,基质沥青,Retained penetration ratio (%),57.4,57.4,0.05,MATCH,
Table 10,三大指标.opju,基质沥青,Ductility at 5 °C after aging (cm),1.12,1.12,0.005,MATCH,
Table 10,三大指标.opju,基质沥青,Retained ductility ratio (%),7.13,7.13,0.005,MATCH,
Table 8,三大指标.opju,PUMB-30,Ductility at 5 °C (cm),50.6,50.6,0.05,MATCH,
Table 8,三大指标.opju,PUMB-30,Softening point (°C),64.9,64.9,0.05,MATCH,
Table 8,三大指标.opju,PUMB-30,Penetration at 25 °C (0.1 mm),75.0,75,0.5,MATCH,
Table 10,三大指标.opju,PUMB-30,Penetration after aging (0.1 mm),45.68,45.68,0.005,MATCH,
Table 10,三大指标.opju,PUMB-30,Retained penetration ratio (%),60.9,60.9,0.05,MATCH,
Table 10,三大指标.opju,PUMB-30,Ductility at 5 °C after aging (cm),19.37,19.37,0.005,MATCH,
Table 10,三大指标.opju,PUMB-30,Retained ductility ratio (%),38.28,38.28,0.005,MATCH,
Table 8,三大指标.opju,PUMB-40,Ductility at 5 °C (cm),63.9,63.9,0.05,MATCH,
Table 8,三大指标.opju,PUMB-40,Softening point (°C),70.2,70.2,0.05,MATCH,
Table 8,三大指标.opju,PUMB-40,Penetration at 25 °C (0.1 mm),68.0,68,0.5,MATCH,
Table 10,三大指标.opju,PUMB-40,Penetration after aging (0.1 mm),43.66,43.66,0.005,MATCH,
Table 10,三大指标.opju,PUMB-40,Retained penetration ratio (%),64.2,64.2,0.05,MATCH,
Table 10,三大指标.opju,PUMB-40,Ductility at 5 °C after aging (cm),30.6,30.60,0.005,MATCH,
Table 10,三大指标.opju,PUMB-40,Retained ductility ratio (%),47.9,47.90,0.005,MATCH,
Table 8,三大指标.opju,PUMB-50,Ductility at 5 °C (cm),54.7,54.7,0.05,MATCH,
Table 8,三大指标.opju,PUMB-50,Softening point (°C),67.4,67.4,0.05,MATCH,
Table 8,三大指标.opju,PUMB-50,Penetration at 25 °C (0.1 mm),71.0,71,0.5,MATCH,
Table 10,三大指标.opju,PUMB-50,Penetration after aging (0.1 mm),44.59,44.59,0.005,MATCH,
Table 10,三大指标.opju,PUMB-50,Retained penetration ratio (%),62.8,62.8,0.05,MATCH,
Table 10,三大指标.opju,PUMB-50,Ductility at 5 °C after aging (cm),24.83,24.83,0.005,MATCH,
Table 10,三大指标.opju,PUMB-50,Retained ductility ratio (%),45.37,45.37,0.005,MATCH,
Table 8,三大指标.opju,SBS,Ductility at 5 °C (cm),28.8,28.8,0.05,MATCH,
Table 8,三大指标.opju,SBS,Softening point (°C),82.2,82.2,0.05,MATCH,
Table 8,三大指标.opju,SBS,Penetration at 25 °C (0.1 mm),60.0,60,0.5,MATCH,
Table 10,三大指标.opju,SBS,Penetration after aging (0.1 mm),38.04,38.04,0.005,MATCH,
Table 10,三大指标.opju,SBS,Retained penetration ratio (%),63.4,63.4,0.05,MATCH,
Table 10,三大指标.opju,SBS,Ductility at 5 °C after aging (cm),10.62,10.62,0.005,MATCH,
Table 10,三大指标.opju,SBS,Retained ductility ratio (%),36.87,36.87,0.005,MATCH,
Fig. 16(b),BBR.opju,Base asphalt,Stored S/m versus S divided by m,861.2,861.1888111888113,0.2,MATCH,Arithmetic diagnostic; original values retained
Fig. 16(b),BBR.opju,30%PUP,Stored S/m versus S divided by m,520.1,520.0,0.2,MATCH,Arithmetic diagnostic; original values retained
Fig. 16(b),BBR.opju,40%PUP,Stored S/m versus S divided by m,259.8,295.8333333333333,0.2,MISMATCH,Arithmetic diagnostic; original values retained
Fig. 16(b),BBR.opju,50%PUP,Stored S/m versus S divided by m,403.3,403.32409972299166,0.2,MATCH,Arithmetic diagnostic; original values retained
Fig. 16(b),BBR.opju,SBS,Stored S/m versus S divided by m,634.6,634.5679012345679,0.2,MATCH,Arithmetic diagnostic; original values retained
Section 4.2,MSCR.opju,30%PUP,Jnr at 0.1 kPa,1.53546,1.54,0.005,MATCH,
Section 4.2,MSCR.opju,40%PUP,Jnr at 0.1 kPa,1.42134,1.42,0.005,MATCH,
Section 4.2,MSCR.opju,50%PUP,Jnr at 0.1 kPa,1.34315,1.34,0.005,MATCH,
Section 4.2,MSCR.opju,90#,Jnr at 3.2 kPa,7.66843,7.67,0.005,MATCH,
Section 4.2,MSCR.opju,30%PUP,Jnr at 3.2 kPa,1.73543,1.74,0.005,MATCH,
Section 4.2,MSCR.opju,40%PUP,Jnr at 3.2 kPa,2.13545,2.14,0.005,MATCH,
Section 4.2,MSCR.opju,50%PUP,Jnr at 3.2 kPa,2.26545,2.27,0.005,MATCH,
Section 4.2,MSCR.opju,SBS,Jnr at 3.2 kPa,3.83546,3.84,0.005,MATCH,
Table 9,储存稳定性.opju,4.0,Softening point of the top portion (°C),70.2,70.75,0.005,MISMATCH,B comment=top; D comment=bottom; manuscript assigns them oppositely
Table 9,储存稳定性.opju,4.0,Softening point of the bottom portion (°C),70.75,70.20,0.005,MISMATCH,B comment=top; D comment=bottom; manuscript assigns them oppositely
Table 9,储存稳定性.opju,4.0,Softening point difference (°C),0.55,0.55,0.005,MATCH,
Table 9,储存稳定性.opju,8.0,Softening point of the top portion (°C),71.1,71.35,0.005,MISMATCH,B comment=top; D comment=bottom; manuscript assigns them oppositely
Table 9,储存稳定性.opju,8.0,Softening point of the bottom portion (°C),71.35,71.10,0.005,MISMATCH,B comment=top; D comment=bottom; manuscript assigns them oppositely
Table 9,储存稳定性.opju,8.0,Softening point difference (°C),0.25,0.25,0.005,MATCH,
Table 9,储存稳定性.opju,24.0,Softening point of the top portion (°C),71.55,71.80,0.005,MISMATCH,B comment=top; D comment=bottom; manuscript assigns them oppositely
Table 9,储存稳定性.opju,24.0,Softening point of the bottom portion (°C),71.8,71.55,0.005,MISMATCH,B comment=top; D comment=bottom; manuscript assigns them oppositely
Table 9,储存稳定性.opju,24.0,Softening point difference (°C),0.25,0.25,0.005,MATCH,
Table 9,储存稳定性.opju,48.0,Softening point of the top portion (°C),71.7,71.90,0.005,MISMATCH,B comment=top; D comment=bottom; manuscript assigns them oppositely
Table 9,储存稳定性.opju,48.0,Softening point of the bottom portion (°C),71.9,71.70,0.005,MISMATCH,B comment=top; D comment=bottom; manuscript assigns them oppositely
Table 9,储存稳定性.opju,48.0,Softening point difference (°C),0.2,0.20,0.005,MATCH,
Table 11,高温性能.opju,40%RAP,Rut depth after 60 min (mm),3.06,3.06,0.005,MATCH,
Table 11,高温性能.opju,40%RAP,Dynamic stability (cycles/mm),4253.0,4253,0.005,MATCH,
Table 11,高温性能.opju,50%RAP,Rut depth after 60 min (mm),2.88,2.88,0.005,MATCH,
Table 11,高温性能.opju,50%RAP,Dynamic stability (cycles/mm),4575.0,4575,0.005,MATCH,
Table 11,高温性能.opju,60%RAP,Rut depth after 60 min (mm),2.62,2.62,0.005,MATCH,
Table 11,高温性能.opju,60%RAP,Dynamic stability (cycles/mm),4635.0,4635,0.005,MATCH,
Table 11,高温性能.opju,70%RAP,Rut depth after 60 min (mm),2.23,2.23,0.005,MATCH,
Table 11,高温性能.opju,70%RAP,Dynamic stability (cycles/mm),4915.0,4915,0.005,MATCH,
Table 11,高温性能.opju,PUMB,Rut depth after 60 min (mm),1.84,1.84,0.005,MATCH,
Table 11,高温性能.opju,PUMB,Dynamic stability (cycles/mm),8813.0,8813,0.005,MATCH,
Table 11,高温性能.opju,SBS,Rut depth after 60 min (mm),2.04,2.04,0.005,MATCH,
Table 11,高温性能.opju,SBS,Dynamic stability (cycles/mm),5915.0,5915,0.005,MATCH,
Table 12,低温性能.opju,40%RAP,Maximum flexural tensile strain (με),3074.0,3074,0.005,MATCH,
Table 12,低温性能.opju,40%RAP,Stiffness modulus (MPa),3116.0,3116,0.005,MATCH,
Table 12,低温性能.opju,50%RAP,Maximum flexural tensile strain (με),2944.0,2944,0.005,MATCH,
Table 12,低温性能.opju,50%RAP,Stiffness modulus (MPa),3111.0,3111,0.005,MATCH,
Table 12,低温性能.opju,60%RAP,Maximum flexural tensile strain (με),2816.0,2816,0.005,MATCH,
Table 12,低温性能.opju,60%RAP,Stiffness modulus (MPa),3207.0,3207,0.005,MATCH,
Table 12,低温性能.opju,70%RAP,Maximum flexural tensile strain (με),2652.0,2652,0.005,MATCH,
Table 12,低温性能.opju,70%RAP,Stiffness modulus (MPa),3371.0,3371,0.005,MATCH,
Table 12,低温性能.opju,PUMB,Maximum flexural tensile strain (με),4316.0,4316,0.005,MATCH,
Table 12,低温性能.opju,PUMB,Stiffness modulus (MPa),2479.0,2479,0.005,MATCH,
Table 12,低温性能.opju,SBS,Maximum flexural tensile strain (με),4065.0,4065,0.005,MATCH,
Table 12,低温性能.opju,SBS,Stiffness modulus (MPa),2337.0,2337,0.005,MATCH,
Table 13,水稳定度.opju,40%RAP,Retained stability ratio (%),96.1,96.1,0.005,MATCH,
Table 13,水稳定度.opju,40%RAP,TSR (%),94.8,94.8,0.005,MATCH,
Table 13,水稳定度.opju,50%RAP,Retained stability ratio (%),92.6,92.6,0.005,MATCH,
Table 13,水稳定度.opju,50%RAP,TSR (%),90.1,90.1,0.005,MATCH,
Table 13,水稳定度.opju,60%RAP,Retained stability ratio (%),89.4,89.4,0.005,MATCH,
Table 13,水稳定度.opju,60%RAP,TSR (%),86.1,86.1,0.005,MATCH,
Table 13,水稳定度.opju,70%RAP,Retained stability ratio (%),88.5,88.5,0.005,MATCH,
Table 13,水稳定度.opju,70%RAP,TSR (%),84.3,84.3,0.005,MATCH,
Table 13,水稳定度.opju,PUMB,Retained stability ratio (%),93.5,93.5,0.005,MATCH,
Table 13,水稳定度.opju,PUMB,TSR (%),94.0,94.0,0.005,MATCH,
Table 13,水稳定度.opju,SBS,Retained stability ratio (%),91.6,91.6,0.005,MATCH,
Table 13,水稳定度.opju,SBS,TSR (%),92.2,92.2,0.005,MATCH,
Table 6,各反应的热力学参数指标.opju,沥青质-苯酚,Transition-state energy (Ha),0.194,0.194,0.0005,MATCH,
Table 6,各反应的热力学参数指标.opju,沥青质-苯酚,"Enthalpy change, ΔH（kcal/mol）",-8.875,-8.785,0.0005,MISMATCH,
Table 6,各反应的热力学参数指标.opju,沥青质-苯酚,"Gibbs free energy change, ΔG（kcal/mol）",-87.46,-87.46,0.005,MATCH,
Table 6,各反应的热力学参数指标.opju,扩链剂,Transition-state energy (Ha),0.039,0.039,0.0005,MATCH,
Table 6,各反应的热力学参数指标.opju,扩链剂,"Enthalpy change, ΔH（kcal/mol）",-11.672,-11.672,0.0005,MATCH,
Table 6,各反应的热力学参数指标.opju,扩链剂,"Gibbs free energy change, ΔG（kcal/mol）",-128.61,-128.61,0.005,MATCH,
Table 6,各反应的热力学参数指标.opju,沥青质-吡咯,Transition-state energy (Ha),0.186,0.186,0.0005,MATCH,
Table 6,各反应的热力学参数指标.opju,沥青质-吡咯,"Enthalpy change, ΔH（kcal/mol）",-7.53,-7.53,0.0005,MATCH,
Table 6,各反应的热力学参数指标.opju,沥青质-吡咯,"Gibbs free energy change, ΔG（kcal/mol）",-15.64,-15.64,0.005,MATCH,
